episode,total_reward,steps,epsilon,loss,td_mean,td_std,td_min,td_max
0,-292.67126369073816,1000,0.995,64.72791290283203,6.60813340979462,3.2371982445771947,0.02122020721435547,18.990596771240234
1,-112.3395195435021,1000,0.990025,51.32500076293945,6.343161088920664,2.7671504699307925,0.012347579002380371,15.501434326171875
2,26.79864770184612,1000,0.985074875,45.56671905517578,6.362773259818554,2.8136092554350607,0.024370670318603516,15.633010864257812
3,275.2347304870766,1000,0.9801495006250001,33.43381118774414,6.260579552361742,2.856078481466455,0.032814979553222656,15.845779418945312
4,106.05808168492827,1000,0.9752487531218751,41.33357238769531,6.294535458105616,2.827046957507983,0.010693550109863281,15.755046844482422
5,-239.6018181530161,1000,0.9703725093562657,54.81366157531738,6.285463084437884,2.8611604676688738,0.015269279479980469,16.15411949157715
6,224.66428337518423,1000,0.9655206468094844,39.85121154785156,6.378656042727642,2.987042605346321,0.019740819931030273,16.593107223510742
7,39.91382236100122,1000,0.960693043575437,47.77602958679199,6.372707395980135,2.9367626510884133,0.005998492240905762,17.392501831054688
8,185.9240481745756,1000,0.9558895783575597,36.51823616027832,6.301411650697701,2.8715768394365173,0.0336909294128418,19.212583541870117
9,-1.4383752319335175,1000,0.9511101304657719,46.70525360107422,6.3001573224943135,2.918633479059176,0.03539109230041504,18.53028106689453
10,15.557635891076607,1000,0.946354579813443,51.66715431213379,6.310985147489235,2.8862345153255817,0.009341001510620117,17.114553451538086
11,-353.8705661339005,1000,0.9416228069143757,50.77619171142578,6.361430999016389,3.0035509628565227,0.0196530818939209,18.31450080871582
12,-72.92593531294973,1000,0.9369146928798039,50.91980171203613,6.3092968489918855,2.925651152341174,0.015484809875488281,17.57709312438965
13,250.23737838087771,1000,0.9322301194154049,44.816646575927734,6.338008302610367,2.957023316374358,0.03043985366821289,17.54936981201172
14,620.2866558529427,1000,0.9275689688183278,41.99892807006836,6.405742219826206,3.0013803125229086,0.013932943344116211,17.247758865356445
15,436.38150345977823,1000,0.9229311239742362,43.67950439453125,6.3502206639871,2.9499845398045363,0.022455453872680664,16.994091033935547
16,58.16487254782707,1000,0.918316468354365,36.89784240722656,6.308336758548394,2.859665347678435,0.018275976181030273,16.47992515563965
17,-478.4424817913276,1000,0.9137248860125932,54.34951972961426,6.379574044669047,2.9351355244248403,0.023135900497436523,16.00732421875
18,-318.4090205655045,1000,0.9091562615825302,44.9446964263916,6.359797389782965,2.908805845595002,0.0027587413787841797,17.462261199951172
19,-58.897728613371854,1000,0.9046104802746175,46.5837516784668,6.314506922513247,2.8499087477100002,0.03076457977294922,16.521135330200195
20,-226.69689539978128,1000,0.9000874278732445,53.305646896362305,6.325924869220704,2.880453620085774,0.021308183670043945,16.52126121520996
21,-67.17569069561583,1000,0.8955869907338783,45.8268985748291,6.2875024539623405,2.8488535884909276,0.00923764705657959,16.047075271606445
22,197.864686548411,1000,0.8911090557802088,41.23354911804199,6.315080571766943,2.9134222467613737,0.012009501457214355,17.695117950439453
23,-41.28719906948639,1000,0.8866535105013078,41.736934661865234,6.372176566546782,2.898162400732553,0.009050965309143066,20.66405487060547
24,-296.2122850330248,1000,0.8822202429488013,35.74818229675293,6.3632351682893935,2.894633875946967,0.013427019119262695,16.46141242980957
25,-21.89544554490203,1000,0.8778091417340573,57.8588752746582,6.341370780564844,2.867795214282327,0.01581716537475586,19.22811508178711
26,72.41155823131912,1000,0.8734200960253871,43.35452651977539,6.290942247902975,2.8011077113821075,0.009208083152770996,16.040241241455078
27,260.9276194213182,1000,0.8690529955452602,42.64327430725098,6.285019847009331,2.8002913162248055,0.012228965759277344,17.764545440673828
28,-378.36324946206116,1000,0.8647077305675338,41.95475387573242,6.319361567312852,2.835774131487903,0.023163557052612305,18.91307830810547
29,-153.39655874767826,1000,0.8603841919146962,32.03367519378662,6.307055299615487,2.7929836144657654,0.02062845230102539,15.73767375946045
30,72.49251966281794,1000,0.8560822709551227,39.38586235046387,6.297266480097547,2.782472611073424,0.04766130447387695,16.15519905090332
31,39.51496883717785,1000,0.851801859600347,40.044328689575195,6.305152385190129,2.808420325767815,0.020758867263793945,16.77057456970215
32,66.36547564102926,1000,0.8475428503023453,44.5101261138916,6.349981448285281,2.8289127218718244,0.020656108856201172,16.714923858642578
33,213.31799966342928,1000,0.8433051360508336,48.5027961730957,6.401810330936685,2.8806337220224325,0.01816737651824951,15.929847717285156
34,-180.6208176249131,1000,0.8390886103705794,50.056257247924805,6.386845223587006,2.834360568442796,0.024674654006958008,18.03302764892578
35,407.13414155863427,1000,0.8348931673187264,36.31068992614746,6.305454292973503,2.8338486022078193,0.020503997802734375,18.45313835144043
36,-16.50714094723007,1000,0.8307187014821328,47.613075256347656,6.339381969064474,2.87862096450006,0.027106761932373047,17.49467658996582
37,23.719275012697555,1000,0.8265651079747222,55.6024284362793,6.342895772309974,2.8660525413605806,0.02423548698425293,16.10626220703125
38,-278.4330423430428,1000,0.8224322824348486,47.59140586853027,6.3605447014737875,2.870461499547824,0.03749382495880127,16.170150756835938
39,-149.66475517558462,1000,0.8183201210226743,43.29206085205078,6.367523094948381,2.8738532610561216,0.032822370529174805,18.184711456298828
40,-417.404897152921,1000,0.8142285204175609,42.20098114013672,6.366521927770227,2.872795540997379,0.0260162353515625,17.767099380493164
41,173.15264895456193,1000,0.810157377815473,33.22283363342285,6.366974156245589,2.8817685782820845,0.029962778091430664,16.88654136657715
42,133.74599128590714,1000,0.8061065909263957,39.8864688873291,6.363512749269605,2.9077315413711884,0.0647878646850586,17.067676544189453
43,-38.750004018486244,1000,0.8020760579717637,39.92263984680176,6.374172021776438,2.906999483131049,0.015696048736572266,21.694290161132812
44,-177.45020876088898,1000,0.798065677681905,55.727895736694336,6.356291366150603,2.9091879444448665,0.0215911865234375,16.509567260742188
45,-160.42023373445866,1000,0.7940753492934954,62.78027534484863,6.3836094616856425,2.91101049106521,0.026961088180541992,19.212047576904297
46,-346.46378905484886,1000,0.7901049725470279,47.184614181518555,6.36597442859225,2.8675584148222613,0.019446849822998047,18.356122970581055
47,13.387540693987127,1000,0.7861544476842928,44.62182426452637,6.347952217487618,2.8675432416159032,0.012546539306640625,21.073453903198242
48,197.7792811142642,1000,0.7822236754458713,52.64973831176758,6.346766108069569,2.857395069504883,0.027380704879760742,17.81749725341797
49,88.26751429671314,1000,0.778312557068642,44.78952598571777,6.3626024722699075,2.8824221936047416,0.022849559783935547,18.927085876464844
50,-81.69400101514488,1000,0.7744209942832988,46.36572265625,6.349980899298564,2.8827806266188145,0.007849454879760742,22.627700805664062
51,-72.69131099098729,1000,0.7705488893118823,50.832462310791016,6.314890262244269,2.757177829573654,0.014657735824584961,23.32210350036621
52,17.466532438960392,1000,0.7666961448653229,45.840423583984375,6.317050049791113,2.7174892755406392,0.019657611846923828,20.667245864868164
53,-178.70284084705642,1000,0.7628626641409962,44.05862998962402,6.321997224532068,2.7311418811958874,0.013695955276489258,20.10849952697754
54,-96.02335144647434,1000,0.7590483508202912,44.23048973083496,6.349055597130209,2.7360003022683874,0.015718460083007812,20.674118041992188
55,20.292928117322887,1000,0.7552531090661897,41.46784591674805,6.270160256506875,2.7275362287504987,0.0165252685546875,19.96006965637207
56,126.47438723186973,1000,0.7514768435208588,33.44089317321777,6.316754836166277,2.730905743837907,0.03638267517089844,20.408958435058594
57,144.3038911094695,1000,0.7477194593032545,46.27137565612793,6.315362233141437,2.72878780241228,0.012694597244262695,19.781200408935547
58,32.42349177632848,1000,0.7439808620067382,46.152570724487305,6.274137022117153,2.730090266188346,0.010737180709838867,19.700889587402344
59,-164.58140038883076,1000,0.7402609576967045,44.16977500915527,6.288535233680159,2.7305008337703187,0.013795852661132812,19.683563232421875
60,-107.53509171538622,1000,0.736559652908221,48.531503677368164,6.258441624209285,2.7371774305254704,0.03742265701293945,18.886474609375
61,-37.4672931651735,1000,0.7328768546436799,39.93556213378906,6.265047234252095,2.7451219042734945,0.03196597099304199,19.11892318725586
62,14.527277386000144,1000,0.7292124703704616,43.58986473083496,6.279091241892427,2.752121757352266,0.023181676864624023,18.93454360961914
63,486.7520331253424,1000,0.7255664080186093,56.83253479003906,6.243543793018907,2.7484765369883526,0.016141653060913086,19.796485900878906
64,-302.0192516244356,1000,0.7219385759785162,49.315786361694336,6.244330651197583,2.7458007586982474,0.014805793762207031,20.674381256103516
65,156.260353153061,1000,0.7183288830986236,46.77693176269531,6.255532207688317,2.7346596350091588,0.016808748245239258,21.335227966308594
66,19.651024213812242,1000,0.7147372386831305,38.15557670593262,6.297312293194234,2.757215955699165,0.04192972183227539,20.340660095214844
67,212.34022694279105,1000,0.7111635524897149,42.573537826538086,6.295633391439915,2.770093578506643,0.021293163299560547,22.266773223876953
68,273.80728625808496,1000,0.7076077347272662,45.24805450439453,6.2638446858190004,2.756849082691498,0.02139449119567871,19.578693389892578
69,134.3389962618265,1000,0.7040696960536299,43.738250732421875,6.256961753906682,2.7547696885091013,0.031591176986694336,20.551963806152344
70,-109.01156588096748,1000,0.7005493475733617,50.425241470336914,6.291783843079582,2.7616469611813343,0.027338027954101562,19.590482711791992
71,185.8518532957062,1000,0.697046600835495,36.76690673828125,6.291362813947722,2.7603815032999846,0.011396408081054688,20.705219268798828
72,-117.24126120464732,1000,0.6935613678313175,39.11012649536133,6.290851136501878,2.7707710376658596,0.03981494903564453,19.297481536865234
73,34.50435727865603,1000,0.6900935609921609,58.329694747924805,6.317007860062644,2.7580619421476964,0.010588884353637695,18.902523040771484
74,-118.72513614862389,1000,0.6866430931872001,37.0531005859375,6.302631216049194,2.773915990597016,0.029249191284179688,18.874835968017578
75,-106.97264437053948,1000,0.6832098777212641,46.21067810058594,6.305790929937735,2.742228516114329,0.011745691299438477,17.143417358398438
76,250.66057724689514,1000,0.6797938283326578,35.9022159576416,6.294666673706844,2.7497422433007803,0.040033817291259766,19.249305725097656
77,-161.55892173910743,1000,0.6763948591909945,47.54427146911621,6.308075494891033,2.749127479611609,0.016832828521728516,18.901735305786133
78,134.2100503993899,1000,0.6730128848950395,33.54564666748047,6.2507626228220765,2.7636994893472013,0.011518001556396484,20.175077438354492
79,-66.53833194981505,1000,0.6696478204705644,50.457157135009766,6.26801457638666,2.744270241856618,0.015230178833007812,19.286611557006836
80,202.17563309803108,1000,0.6662995813682115,33.44600868225098,6.270457880331203,2.7523280512772184,0.013301849365234375,24.90515899658203
81,204.1129054477809,1000,0.6629680834613705,48.71249198913574,6.288064099950716,2.7732572318937767,0.003768444061279297,19.702211380004883
82,143.60764127843373,1000,0.6596532430440636,40.05258750915527,6.252079223217443,2.773560438823555,0.00715327262878418,18.54087257385254
83,89.28560408264522,1000,0.6563549768288433,50.922319412231445,6.223389354061335,2.7833163053861116,0.0156857967376709,17.51778793334961
84,94.33381626512113,1000,0.653073201944699,33.698904037475586,6.26319586405158,2.72971338742929,0.014416933059692383,22.453798294067383
85,129.11407479971797,1000,0.6498078359349755,41.48945426940918,6.249739742089063,2.768407615933206,0.010411262512207031,18.490352630615234
86,-112.42245488532146,1000,0.6465587967553006,35.885000228881836,6.270018460065127,2.763982986110757,0.024632930755615234,21.86371612548828
87,-79.7130541024118,1000,0.6433260027715241,39.999250411987305,6.238230727888643,2.7439131937196573,0.01301717758178711,18.251867294311523
88,232.62635481012083,1000,0.6401093727576664,46.21331024169922,6.227758594427258,2.741650914335494,0.020206689834594727,20.034990310668945
89,400.5192560834111,1000,0.6369088258938781,33.851722717285156,6.232212577553466,2.7456191293160783,0.03556251525878906,20.180997848510742
90,160.67579985332105,1000,0.6337242817644086,37.07192802429199,6.261532245840877,2.7436396865242503,0.03093123435974121,19.224632263183594
91,-16.112173047925275,1000,0.6305556603555866,34.84914207458496,6.298826330341399,2.7647681960532338,0.004769086837768555,20.127424240112305
92,42.10327208696687,1000,0.6274028820538087,41.12493705749512,6.272613525956869,2.7337182969256,0.02015066146850586,19.98179054260254
93,-135.64017579385452,1000,0.6242658676435396,46.474966049194336,6.258898930599913,2.7398722498172408,0.025844573974609375,18.64661979675293
94,373.74286539109573,1000,0.6211445383053219,39.81319808959961,6.248383948490024,2.743046015624716,0.023622512817382812,18.109769821166992
95,110.91089973974339,1000,0.6180388156137953,50.584842681884766,6.281419166367501,2.7384653039789657,0.014058589935302734,19.176223754882812
96,111.27262723173797,1000,0.6149486215357263,39.81083106994629,6.2961162734460085,2.7698435420278487,0.03250908851623535,27.857059478759766
97,183.37072084632666,1000,0.6118738784280476,52.449758529663086,6.2881996859647336,2.774660920457389,0.02668142318725586,21.8399715423584
98,86.96542512841995,1000,0.6088145090359074,44.2739200592041,6.307496869081631,2.732794720597863,0.02978062629699707,17.66739273071289
99,-412.89384598377444,1000,0.6057704364907278,31.001564979553223,6.261630282714963,2.7382781512644803,0.03540182113647461,18.329395294189453
100,-4.766466712075321,1000,0.6027415843082742,37.4237060546875,6.263124445147812,2.7428872253539915,0.019494056701660156,18.624210357666016
101,89.1420158394908,1000,0.5997278763867329,50.568912506103516,6.288891003981233,2.7406239960059238,0.01296234130859375,19.492021560668945
102,-138.37816583066072,1000,0.5967292370047992,43.61509704589844,6.271063720807433,2.7196039299980765,0.013249635696411133,24.200334548950195
103,-27.086266219604838,1000,0.5937455908197752,42.012142181396484,6.280152089452371,2.713634701556268,0.021435976028442383,18.432544708251953
104,15.33074205864072,1000,0.5907768628656763,48.17037773132324,6.320700996497646,2.7433386627628518,0.04158282279968262,17.221471786499023
105,82.20265999860075,1000,0.5878229785513479,43.69669151306152,6.34049181756191,2.750883593263699,0.016647815704345703,17.4622802734375
106,1.6014281225576728,1000,0.5848838636585911,43.9653377532959,6.393891930010169,2.822747842907598,0.022607088088989258,34.70449447631836
107,140.77239402454015,1000,0.5819594443402982,71.24849319458008,6.37938874713704,2.8671101445061518,0.03638625144958496,31.68501853942871
108,-88.79534398295577,1000,0.5790496471185967,30.76746940612793,6.360363610785455,2.827520086935302,0.017396211624145508,26.556867599487305
109,149.35801426477556,1000,0.5761543988830038,34.25904655456543,6.339412135941908,2.81580596238857,0.027044296264648438,26.507164001464844
110,482.37447787674677,1000,0.5732736268885887,34.09419059753418,6.325577486319467,2.8098869518706313,0.052591800689697266,26.252239227294922
111,111.69854256999558,1000,0.5704072587541458,53.66394805908203,6.3394309004955,2.831468631927043,0.01219630241394043,26.006261825561523
112,194.1151095147641,1000,0.567555222460375,43.070457458496094,6.339768802741543,2.815619971707469,0.01747727394104004,24.366527557373047
113,167.5534282794552,1000,0.5647174463480732,41.6834716796875,6.3468929572366175,2.813941078532786,0.018334150314331055,23.71885108947754
114,-15.647419511929025,1000,0.5618938591163328,35.048715591430664,6.29483123831451,2.8179947028219106,0.014878511428833008,24.082124710083008
115,282.2014106939627,1000,0.5590843898207511,40.030181884765625,6.349020143678412,2.8034816988287887,0.014627695083618164,19.69702911376953
116,214.36687764940189,1000,0.5562889678716474,46.41787338256836,6.288171597408131,2.8190948974260603,0.02192854881286621,20.05952262878418
117,-104.78150868778869,1000,0.5535075230322891,33.25491714477539,6.277978957390412,2.7586409798383924,0.01386117935180664,19.56014060974121
118,110.13902488182636,1000,0.5507399854171277,44.341482162475586,6.326636526865885,2.7999144776208227,0.0227200984954834,19.611642837524414
119,267.6094907133069,1000,0.547986285490042,40.70468330383301,6.326918162075803,2.8060259788966886,0.021621227264404297,19.59228515625
120,82.8930453408861,1000,0.5452463540625918,45.03689765930176,6.314446285545826,2.8056878409620047,0.01580071449279785,20.392364501953125
121,72.47705754104811,1000,0.5425201222922789,56.54294204711914,6.310577530352399,2.800664461964345,0.01174473762512207,19.772218704223633
122,193.5358321094715,1000,0.5398075216808175,43.14681816101074,6.3311307557560506,2.7993366950795293,0.019700050354003906,19.726041793823242
123,-170.6640240170412,1000,0.5371084840724134,45.77435302734375,6.319691903341561,2.8369825409655025,0.03260970115661621,20.26228141784668
124,-283.04883321682115,1000,0.5344229416520513,40.1693115234375,6.355429404653608,2.814853975595592,0.029041051864624023,19.813091278076172
125,193.28921859206216,1000,0.531750826943791,45.08906173706055,6.309733112324029,2.8073462884514657,0.011301279067993164,18.333850860595703
126,206.9911613173264,1000,0.5290920728090721,50.269596099853516,6.305042299773544,2.7941872513296038,0.020977020263671875,20.336759567260742
127,294.48038247182217,1000,0.5264466124450268,40.562028884887695,6.330548239711672,2.8156877152597124,0.021378278732299805,20.112548828125
128,-19.922045186457783,1000,0.5238143793828016,46.49124336242676,6.331749308146536,2.8116107012670937,0.029320240020751953,20.447002410888672
129,-10.392030885942727,1000,0.5211953074858876,35.56131935119629,6.3106036604009565,2.788151540964121,0.02450275421142578,23.128252029418945
130,-208.8597104635996,1000,0.5185893309484582,46.38211441040039,6.360119289312512,2.822686974492177,0.014892816543579102,20.43191146850586
131,12.651326340093776,1000,0.5159963842937159,52.958988189697266,6.336133463867009,2.8258572676648956,0.018985271453857422,24.126659393310547
132,-153.87166950747846,1000,0.5134164023722473,39.39349174499512,6.372571850411594,2.8331512218285693,0.008919715881347656,23.99423599243164
133,63.68366375642822,1000,0.510849320360386,38.56801795959473,6.372691365959123,2.8373268526550097,0.024934887886047363,24.198562622070312
134,-31.96736300754928,1000,0.5082950737585841,43.34568786621094,6.402413595341146,2.8387160744114848,0.0024373531341552734,24.200586318969727
135,55.94912015024167,1000,0.5057535983897912,47.63938522338867,6.378178700719029,2.8269125043107786,0.039780378341674805,24.369522094726562
136,-1.026722594499244,1000,0.5032248303978422,47.663246154785156,6.38328461917676,2.832469050325792,0.03626680374145508,23.83416748046875
137,-459.5945108638684,1000,0.500708706245853,50.1729679107666,6.395466690924018,2.835935226960702,0.025152206420898438,24.743759155273438
138,99.488851290129,1000,0.4982051627146237,45.22556495666504,6.412846497731283,2.849082798872664,0.024725914001464844,24.178674697875977
139,92.009815233368,1000,0.49571413690105054,44.96967887878418,6.383370404133573,2.8432156325504914,0.02806401252746582,24.35047721862793
140,-94.84259302720838,1000,0.4932355662165453,42.8552303314209,6.369095570873469,2.8542996251853454,0.026639223098754883,24.209613800048828
141,-59.26022068051712,1000,0.4907693883854626,47.55829048156738,6.408204875195399,2.872166518184043,0.0212099552154541,24.180953979492188
142,-164.78437820808017,1000,0.4883155414435353,51.84488487243652,6.376827435214072,2.864073284595897,0.006440639495849609,22.437416076660156
143,-77.53142177517276,1000,0.4858739637363176,41.825849533081055,6.399883162653074,2.9006192354548594,0.020452022552490234,23.054180145263672
144,88.36792454584062,1000,0.483444593917636,46.632741928100586,6.373311725631356,2.857641059343405,0.020102977752685547,20.896753311157227
145,-16.529192150918448,1000,0.4810273709480478,34.46445274353027,6.365693050859496,2.8303504134131203,0.029049158096313477,20.614707946777344
146,104.13183945565942,1000,0.47862223409330756,44.83014106750488,6.326379498848691,2.8424056368400232,0.023882389068603516,21.09998893737793
147,-130.47734027513562,1000,0.47622912292284103,38.14519500732422,6.277315644357353,2.824102743053838,0.011171817779541016,19.65754508972168
148,-397.77009879670607,1000,0.4738479773082268,42.45977592468262,6.303469496240839,2.7725390288771568,0.02442479133605957,20.921524047851562
149,67.61385762112022,1000,0.47147873742168567,50.46475601196289,6.316744752965867,2.817989885905866,0.012941598892211914,21.48296356201172
150,88.4181589510761,1000,0.46912134373457726,43.29838562011719,6.311590953595936,2.8062312424267506,0.01912522315979004,20.080591201782227
151,171.50133104424674,1000,0.46677573701590436,42.172943115234375,6.2513818391487,2.747711818769039,0.01299428939819336,18.529315948486328
152,23.19348388877426,1000,0.46444185833082485,48.384552001953125,6.293285256758332,2.758956472798263,0.01948404312133789,27.640653610229492
153,167.9726834467156,1000,0.46211964903917074,56.22353553771973,6.260713547546416,2.763181037200907,0.03142714500427246,23.426837921142578
154,-13.310185838683065,1000,0.4598090507939749,45.91697692871094,6.279604535657913,2.7758535108333766,0.014786958694458008,23.613306045532227
155,-115.80899123830515,1000,0.457510005540005,37.714603424072266,6.3120601204819975,2.7926688191143656,0.028108596801757812,27.387527465820312
156,-130.13028815656247,1000,0.45522245551230495,34.48074531555176,6.312941449958831,2.7945041444238616,0.015900850296020508,23.407485961914062
157,-2.3211309340834276,1000,0.4529463432347434,33.9173583984375,6.369855333011597,2.7878732171337233,0.01707005500793457,22.829727172851562
158,-8.824033962480977,1000,0.4506816115185697,54.252187728881836,6.312682995673269,2.776767932782296,0.016144514083862305,20.78959846496582
159,-18.355181936051274,1000,0.4484282034609769,33.830190658569336,6.298234188999981,2.798844885581609,0.02426290512084961,25.308977127075195
160,48.18580761987155,1000,0.446186062443672,46.81077003479004,6.351589769577608,2.867626524477805,0.015485763549804688,25.726465225219727
161,-125.38959214200817,1000,0.4439551321314536,55.59243965148926,6.316152977667749,2.8513904841173012,0.036202430725097656,25.430583953857422
162,-111.0227861344337,1000,0.4417353564707963,42.962738037109375,6.305583598496392,2.849698020824473,0.011572122573852539,25.76720428466797
163,31.73039027054359,1000,0.43952667968844233,49.542497634887695,6.333702918570489,2.8608373983354096,0.024619579315185547,24.897621154785156
164,57.29559364979696,1000,0.43732904629000013,52.890419006347656,6.364836987057701,2.8792267052267055,0.014569282531738281,25.293920516967773
165,-80.90064631215037,1000,0.4351424010585501,35.888641357421875,6.2962566999234255,2.8749348955085714,0.029925823211669922,25.583078384399414
166,215.07806918247016,1000,0.43296668905325736,43.14566612243652,6.2870831607468425,2.855282076940009,0.015192270278930664,25.55724334716797
167,-32.57654289439385,1000,0.43080185560799106,36.72499656677246,6.279039988188073,2.856054784676348,0.03742504119873047,25.349733352661133
168,-64.72845566547159,1000,0.4286478463299511,45.37215995788574,6.295684721507132,2.8846559867174966,0.02018117904663086,25.3996524810791
169,83.76200489840875,1000,0.42650460709830135,53.60006332397461,6.233367759572342,2.841036322533042,0.019682645797729492,25.89349365234375
170,159.39947225470814,1000,0.42437208406280985,45.20149040222168,6.309369807193056,2.887085079539232,0.020836830139160156,26.032827377319336
171,-141.08302113424253,1000,0.4222502236424958,54.50277137756348,6.32461994426325,2.846588379051502,0.01646590232849121,24.51116371154785
172,-45.88700161991802,1000,0.42013897252428334,43.741798400878906,6.295803702589124,2.8557236828336583,0.03558063507080078,22.2293758392334
173,28.204160946031784,1000,0.4180382776616619,43.402944564819336,6.26841984109953,2.8215087323569303,0.01607489585876465,26.139301300048828
174,-94.60633446009146,1000,0.4159480862733536,46.41084289550781,6.257106911096722,2.779825670812778,0.03359079360961914,25.790939331054688
175,145.20101055784914,1000,0.41386834584198684,36.34382629394531,6.255769060906022,2.7686541987867295,0.011803150177001953,22.400814056396484
176,125.2262009054823,1000,0.4117990041127769,33.11600303649902,6.266110859099776,2.785233735026661,0.0013537406921386719,24.641902923583984
177,0.5733659364618902,1000,0.40974000909221303,46.57644844055176,6.237430507931858,2.796237506530602,0.024034738540649414,22.117902755737305
178,-402.52818341223207,1000,0.40769130904675194,47.71474647521973,6.290015215901658,2.798715976272326,0.017284870147705078,22.549091339111328
179,-142.7010515888545,1000,0.40565285250151817,54.026309967041016,6.3330392344966535,2.822969912891983,0.010809183120727539,26.201705932617188
180,-446.0037251600976,1000,0.4036245882390106,35.724063873291016,6.303023313589394,2.809190646305275,0.024342060089111328,26.218406677246094
181,-187.39808392707806,1000,0.4016064652978155,43.75157356262207,6.332917890090496,2.8196719616980292,0.05414628982543945,23.73387336730957
182,86.58018845669426,1000,0.3995984329713264,36.41865158081055,6.309307537421584,2.8437362077543837,0.010788440704345703,26.060169219970703
183,391.17157975620415,1000,0.3976004408064698,42.23061943054199,6.332750193178653,2.8479973395115494,0.0414581298828125,26.020496368408203
184,-320.9137890895482,1000,0.39561243860243744,45.04394721984863,6.348419566582888,2.840214298308527,0.012116670608520508,25.99807357788086
185,-11.679768629901549,1000,0.3936343764094253,49.997243881225586,6.34329118609801,2.867548779105292,0.02161264419555664,26.004878997802734
186,-140.9251665911541,1000,0.39166620452737816,46.66420555114746,6.370216633740813,2.879715593242577,0.026371479034423828,22.176021575927734
187,10.482117217530659,1000,0.3897078735047413,41.53534507751465,6.374733309164643,2.8778365187421184,0.030079364776611328,22.147281646728516
188,29.51914376033418,1000,0.3877593341372176,58.71153259277344,6.330370758194476,2.860229143791119,0.007632732391357422,22.24579620361328
189,20.982260941806167,1000,0.3858205374665315,40.28240394592285,6.374446291450411,2.8419651758569304,0.017241477966308594,21.7166805267334
190,-227.9066872162606,1000,0.38389143477919885,40.429208755493164,6.406786832615733,2.907481422288327,0.03203392028808594,24.221426010131836
191,-308.076635629861,1000,0.3819719776053028,38.94002151489258,6.403985351011157,2.899632386336804,0.01265859603881836,24.169172286987305
192,5.5092627890030865,1000,0.3800621177172763,35.40095138549805,6.359169022250921,2.8913441618590547,0.02468705177307129,24.016189575195312
193,-152.54599192234042,1000,0.37816180712868996,40.38575553894043,6.408923138260842,2.8960359386410484,0.03161954879760742,23.773765563964844
194,-92.29274736597733,1000,0.37627099809304654,48.07525825500488,6.389278623025865,2.8986741995817953,0.03307533264160156,24.124282836914062
195,177.72750102706124,1000,0.3743896431025813,49.08203125,6.394635930556804,2.851404262211413,0.010777473449707031,24.464962005615234
196,145.30304467291336,1000,0.37251769488706843,51.25309181213379,6.349096479903906,2.8796529316070223,0.019551753997802734,24.272968292236328
197,45.965677756967025,1000,0.3706551064126331,46.976318359375,6.3726451590918005,2.884394780612591,0.02990436553955078,24.35323715209961
198,118.80926381900777,1000,0.36880183088056995,49.79036331176758,6.378733931519091,2.942099681930844,0.017837047576904297,24.470134735107422
199,333.92330001526085,1000,0.3669578217261671,46.53066444396973,6.36830357003957,2.9103685706832665,0.03196835517883301,23.969301223754883
200,-110.11947200812685,1000,0.36512303261753626,41.01711654663086,6.3986290300674735,2.87539591158797,0.046713829040527344,28.4103946685791
201,232.38805907628335,1000,0.3632974174544486,37.910430908203125,6.312814005926251,2.7543145685730535,0.011716365814208984,21.005043029785156
202,120.28336116128375,1000,0.3614809303671764,37.545509338378906,6.316519283812493,2.747422761655557,0.01261281967163086,21.14952278137207
203,206.53359097277306,1000,0.3596735257153405,55.57705879211426,6.350484789997339,2.7376154620039337,0.01877880096435547,25.09005355834961
204,56.735364754266385,1000,0.3578751580867638,49.83293533325195,6.3353530807457865,2.749583867188864,0.00853109359741211,25.50674819946289
205,199.596684097621,1000,0.35608578229633,55.01687049865723,6.3240180434137585,2.762865518305468,0.01680445671081543,25.77264404296875
206,-27.827782997376758,1000,0.3543053533848483,44.08560752868652,6.31852433661744,2.7585477425007423,0.016565799713134766,23.937414169311523
207,115.7628366761812,1000,0.35253382661792404,44.756771087646484,6.316334929060191,2.7840749609065494,0.017707347869873047,21.661291122436523
208,-232.2646744551902,1000,0.3507711574848344,47.622379302978516,6.3473678917363285,2.7563796264663036,0.02167987823486328,21.64031982421875
209,26.521288055064286,1000,0.34901730169741024,49.04280090332031,6.315315719090402,2.8022218298302493,0.011760950088500977,25.391788482666016
210,-208.60016011190734,1000,0.3472722151889232,52.482234954833984,6.324088429745287,2.8176785346276003,0.016097545623779297,27.931743621826172
211,-457.55894549471697,1000,0.3455358541129786,42.4587459564209,6.270117583777756,2.845769344744462,0.017120838165283203,24.161243438720703
212,-93.52031055794588,1000,0.3438081748424137,47.59722900390625,6.302561603207141,2.7888336145730963,0.027286052703857422,24.19680404663086
213,386.14229879053346,1000,0.3420891339682016,54.86907196044922,6.314864869948477,2.824377435484121,0.019412994384765625,22.341388702392578
214,-46.51046652470252,1000,0.3403786882983606,43.21065902709961,6.329899301353842,2.846268633983406,0.03151559829711914,28.839876174926758
215,-177.64046626685194,1000,0.3386767948568688,48.64836311340332,6.396489142265171,2.890213258259916,0.021690845489501953,24.819561004638672
216,38.93969817918749,1000,0.33698341088258443,53.999454498291016,6.375349898520857,2.8712920767949703,0.03208780288696289,25.294591903686523
217,-252.45745544856902,1000,0.3352984938281715,50.73849868774414,6.35008695172146,2.8653191117053742,0.03441429138183594,23.973480224609375
218,-150.16629145020818,1000,0.33362200135903064,41.873456954956055,6.365662263076753,2.8655362457586437,0.013633012771606445,24.517044067382812
219,418.1665697136368,1000,0.33195389135223546,62.10598945617676,6.3744041676968335,2.856925262280643,0.02305459976196289,23.2716064453125
220,-221.46984813997716,1000,0.3302941218954743,50.9735221862793,6.360543436557054,2.8918324864085627,0.018251895904541016,25.412357330322266
221,415.4977852598985,1000,0.32864265128599696,48.89144706726074,6.34639153484255,2.871792924539651,0.01993274688720703,24.832950592041016
222,114.92637472828844,1000,0.326999438029567,38.92257118225098,6.338604455519468,2.8445502197311643,0.011321067810058594,22.067420959472656
223,-7.845874763638179,1000,0.3253644408394192,40.085750579833984,6.356695171993226,2.8691941091901447,0.010761022567749023,27.952787399291992
224,-520.8973177156504,1000,0.3237376186352221,44.50366401672363,6.340162482250482,2.8861460441924502,0.014454364776611328,27.345956802368164
225,260.2208162738154,1000,0.322118930542046,46.051246643066406,6.3275849768742916,2.806871333239891,0.03174161911010742,21.86907386779785
226,145.70654858470405,1000,0.32050833588933575,37.7429141998291,6.342112572081387,2.835696654829165,0.013208866119384766,31.651168823242188
227,-149.28405348494027,1000,0.31890579420988907,45.60306739807129,6.339330841563642,2.8094778913811007,0.018436908721923828,23.916101455688477
228,117.25702376566099,1000,0.3173112652388396,41.16427230834961,6.382287062697112,2.857236459407485,0.06284475326538086,21.773330688476562
229,-62.97631162315254,1000,0.3157247089126454,40.637474060058594,6.335931649036706,2.8222942473703343,0.024597644805908203,22.07097625732422
230,-208.5284532735799,1000,0.3141460853680822,49.94833755493164,6.329127894684673,2.8355166216393672,0.01471710205078125,22.691970825195312
231,224.6432632805182,1000,0.3125753549412418,40.56304931640625,6.31341686039418,2.8295375872250115,0.011881113052368164,22.694305419921875
232,112.39863217041514,1000,0.31101247816653554,41.95380973815918,6.3651422489918765,2.7990298223052004,0.023519039154052734,23.853609085083008
233,284.34718819642416,1000,0.30945741577570285,39.10671806335449,6.342050434511155,2.8235319999119,0.013019561767578125,22.74020767211914
234,-119.88477813313366,1000,0.3079101286968243,52.63088607788086,6.352982876937836,2.8068961958920693,0.013221263885498047,20.970251083374023
235,-72.84684543091629,1000,0.3063705780533402,47.111610412597656,6.350569304488599,2.7915162709338883,0.006379604339599609,22.601058959960938
236,109.34355094242426,1000,0.30483872516307353,50.513275146484375,6.300011800166219,2.7858622836438687,0.007011890411376953,22.56367301940918
237,-202.64064291772087,1000,0.3033145315372582,37.4844856262207,6.336580206822604,2.793918650233024,0.023276805877685547,23.671894073486328
238,-108.60719899058782,1000,0.3017979588795719,40.00782012939453,6.3098021421395245,2.8077153645076844,0.014088630676269531,20.58321762084961
239,258.16661824337916,1000,0.30028896908517405,35.508737564086914,6.336471894901246,2.817270793994465,0.050042152404785156,22.07509994506836
240,-179.8595850547174,1000,0.2987875242397482,44.40457725524902,6.345160904049873,2.795774632540123,0.014119148254394531,23.76831817626953
241,-45.187342493132086,1000,0.29729358661854943,46.92547035217285,6.3296371954232455,2.803195631839652,0.009572505950927734,23.009885787963867
242,-148.43488102575617,1000,0.29580711868545667,28.113656044006348,6.293926533602178,2.8159363660545047,0.009641170501708984,23.80499839782715
243,-69.41827175959347,1000,0.2943280830920294,37.42107009887695,6.31729419388622,2.770960396422165,0.01392984390258789,20.79998779296875
244,-177.38369666918743,1000,0.29285644267656924,52.67641258239746,6.321047746188938,2.7902436227312597,0.016917705535888672,21.13846206665039
245,-183.26298461814483,1000,0.2913921604631864,49.57110404968262,6.336164356738329,2.817764328332145,0.0201108455657959,22.5342960357666
246,101.31056811238423,1000,0.28993519966087045,52.0058536529541,6.32339335673675,2.8054873657076733,0.018198490142822266,25.143686294555664
247,-283.5490337685424,1000,0.2884855236625661,37.64507865905762,6.332425672259181,2.8234539351818464,0.0098419189453125,24.890731811523438
248,32.357920307028834,1000,0.28704309604425327,53.11844444274902,6.324976102612912,2.8005854710541347,0.013149738311767578,22.151084899902344
249,27.384037320025953,1000,0.285607880564032,51.739601135253906,6.3193603798486295,2.8050655761277046,0.009526252746582031,22.744415283203125
250,-45.41152864601525,1000,0.28417984116121187,40.05220985412598,6.318115674059838,2.802750101439677,0.0077667236328125,22.569673538208008
251,125.95695320477526,1000,0.2827589419554058,50.51525688171387,6.230198281094432,2.7315291086173663,0.017322540283203125,37.87726974487305
252,66.69286860876063,1000,0.28134514724562876,47.55410575866699,6.234202588003129,2.728432700537446,0.018375873565673828,22.430715560913086
253,-36.62103519064609,1000,0.2799384215094006,46.84334182739258,6.246792895760387,2.73753551570348,0.02776813507080078,37.75126647949219
254,-131.36177961758878,1000,0.27853872940185365,39.51444625854492,6.257298782411962,2.7928532013894563,0.028018474578857422,37.264163970947266
255,11.263793465994457,1000,0.27714603575484437,46.01118087768555,6.337115917749703,2.839254952110282,0.010121822357177734,37.83641815185547
256,-142.103724812737,1000,0.2757603055760701,47.48875045776367,6.328522096447647,2.872497323054305,0.02893829345703125,37.393028259277344
257,295.54037310488866,1000,0.2743815040481898,38.4859619140625,6.291600490614772,2.7883980355228553,0.0216217041015625,23.51673126220703
258,89.0418427893205,1000,0.2730095965279488,37.37034606933594,6.260236192785204,2.82351028328786,0.021576881408691406,24.499658584594727
259,-49.06283384256449,1000,0.27164454854530906,43.644941329956055,6.308958074267954,2.8317050335040386,0.02997875213623047,23.808998107910156
260,23.920459685499857,1000,0.2702863258025825,33.822153091430664,6.286336389474571,2.858492580023896,0.009923458099365234,23.38228988647461
261,-30.45494722525027,1000,0.2689348941735696,39.32292366027832,6.338460633039475,2.856112073681587,0.023217201232910156,23.785606384277344
262,-94.51720142115676,1000,0.26759021970270175,50.698612213134766,6.339271638419479,2.881376016789946,0.027790069580078125,24.484272003173828
263,137.6701798054837,1000,0.2662522686041882,57.16143798828125,6.351557762674988,2.8623923576022836,0.021875858306884766,23.409088134765625
264,1.7536961190414146,1000,0.2649210072611673,56.39878845214844,6.325422268211842,2.855632947785936,0.010921478271484375,22.930871963500977
265,258.0355082919613,1000,0.26359640222486147,52.83241844177246,6.341122449971736,2.854730600406106,0.008731842041015625,23.147296905517578
266,-148.16807092752134,1000,0.26227842021373715,45.73629951477051,6.32332129529491,2.8744955616406047,0.004284381866455078,22.848430633544922
267,-94.11000967552663,1000,0.2609670281126685,46.353620529174805,6.3589310159944,2.858298652054369,0.022228717803955078,23.35533332824707
268,310.7516035607669,1000,0.25966219297210513,43.247432708740234,6.328444853752852,2.83855244022282,0.021257877349853516,33.6230354309082
269,60.94615210009853,1000,0.2583638820072446,48.4184684753418,6.319642643008381,2.8273603065270243,0.018295764923095703,29.997325897216797
270,-61.5745860888734,1000,0.2570720625972084,45.171377182006836,6.299716902844608,2.8197379146714097,0.034618377685546875,23.442157745361328
271,-206.3477874724605,1000,0.25578670228422234,35.95210838317871,6.281752599593252,2.804820741151333,0.007879257202148438,35.551300048828125
272,-13.96383911577478,1000,0.25450776877280124,38.11908721923828,6.282130325678736,2.857131441356271,0.019403457641601562,35.79399490356445
273,-156.66358101202925,1000,0.2532352299289372,47.3621940612793,6.320868884321302,2.837978730635331,0.01648092269897461,35.563011169433594
274,-254.2187293853209,1000,0.2519690537792925,47.39242744445801,6.336829110853374,2.8130489889793417,0.019166946411132812,35.649742126464844
275,-244.8765144671443,1000,0.2507092085103961,36.509620666503906,6.283575347281992,2.7720712977910127,0.04119253158569336,26.007783889770508
276,-177.50677795478492,1000,0.2494556624678441,52.53281593322754,6.280799076732248,2.858228911523668,0.022124767303466797,34.966644287109375
277,-151.9061603279627,1000,0.24820838415550486,49.10933494567871,6.348547302287072,2.8391917252352887,0.020860671997070312,26.238256454467773
278,-223.31393139331405,1000,0.24696734223472733,50.722455978393555,6.310963191911578,2.8543183169229382,0.0087890625,34.57950973510742
279,-434.3148325687563,1000,0.2457325055235537,42.01424026489258,6.348141991890967,2.886410014580986,0.010434627532958984,30.557445526123047
280,60.793934787391294,1000,0.24450384299593592,53.59986877441406,6.319642433188855,2.8802323585903014,0.03097391128540039,30.414968490600586
281,289.84913582934075,1000,0.24328132378095624,45.342742919921875,6.284066663458943,2.897031733344576,0.01798105239868164,30.582626342773438
282,-127.49917924999212,1000,0.24206491716205145,35.87955665588379,6.294153917258606,2.8470226666478244,0.015027046203613281,29.947845458984375
283,39.266135144164835,1000,0.2408545925762412,41.93845748901367,6.336342962089926,2.855708229032392,0.05108022689819336,26.29000473022461
284,-459.9371363544674,1000,0.23965031961336,45.10720634460449,6.311251069139689,2.8480465901246768,0.017290115356445312,25.65802001953125
285,126.59976624430072,1000,0.2384520680152932,49.12525939941406,6.341168154262006,2.888132424852136,0.027853965759277344,25.919639587402344
286,-403.9044677846676,1000,0.23725980767521673,54.58074188232422,6.37997046579048,2.9318281747889494,0.028930187225341797,34.001651763916016
287,-169.16434276656207,1000,0.23607350863684065,49.32656669616699,6.332361144889146,2.8916021307236863,0.008190155029296875,33.91400146484375
288,12.142397647726504,1000,0.23489314109365644,41.77238082885742,6.326653214219958,2.8900976232740714,0.01032400131225586,25.865833282470703
289,-133.51827072821573,1000,0.23371867538818816,54.81793022155762,6.351642022263259,2.9477509473924695,0.028301239013671875,27.551332473754883
290,301.89947023370166,1000,0.23255008201124722,33.00044918060303,6.333097271792591,2.931446563605038,0.011462211608886719,26.25530242919922
291,29.806650085894965,1000,0.231387331601191,52.361989974975586,6.317228102173656,2.8866353483841105,0.04143238067626953,25.184165954589844
292,-27.110476537623008,1000,0.23023039494318503,42.60576820373535,6.349564182024449,2.9224404071856678,0.03388214111328125,26.86052131652832
293,236.382320522031,1000,0.2290792429684691,43.86042022705078,6.272872585777193,2.867221521753967,0.03393363952636719,24.75186538696289
294,152.76067088595838,1000,0.22793384675362674,37.664100646972656,6.294963050894439,2.9212097784521887,0.02643871307373047,28.779558181762695
295,248.29731573075279,1000,0.22679417751985861,37.092308044433594,6.341688075300306,2.9608308529188365,0.015463829040527344,28.58803367614746
296,66.35132645239135,1000,0.22566020663225933,55.534523010253906,6.337460660543293,2.935552639016663,0.006595134735107422,28.58441734313965
297,0.3109452842203755,1000,0.22453190559909803,37.36808776855469,6.321079254735261,2.883606679949336,0.0261077880859375,28.486286163330078
298,-83.89721165917601,1000,0.22340924607110255,39.5873908996582,6.343201506823301,2.8849230803448913,0.009027957916259766,28.71453285217285
299,115.39368354198085,1000,0.22229219984074702,43.82990837097168,6.332047577872872,2.9068159677579337,0.014482975006103516,28.742481231689453
300,-185.85071237514086,1000,0.2211807388415433,35.19344139099121,6.351126574922353,2.909385233115945,0.01647043228149414,29.298288345336914
301,119.54783125844004,1000,0.22007483514733558,36.51870346069336,6.2851513893231745,2.787865131321445,0.024169445037841797,21.85610580444336
302,27.102326150823934,1000,0.2189744609715989,34.68149185180664,6.295611016027629,2.7729091174534526,0.027153491973876953,20.987030029296875
303,-159.55412385021333,1000,0.2178795886667409,42.12544631958008,6.29502436420694,2.775048326922827,0.011098384857177734,20.79941749572754
304,-160.56463358293118,1000,0.2167901907234072,48.10062789916992,6.291736830037087,2.7667201157725274,0.013178825378417969,20.445960998535156
305,64.25751814788511,1000,0.21570623976979014,46.449005126953125,6.331242021940649,2.7605784347790077,0.022368431091308594,20.558332443237305
306,46.98517350951948,1000,0.21462770857094118,39.71880912780762,6.301418315965682,2.7977719403381114,0.022378921508789062,22.60789680480957
307,-227.27553429345122,1000,0.21355457002808648,53.38167190551758,6.330188805881888,2.7633318788201726,0.028982162475585938,28.599559783935547
308,-137.38757608282398,1000,0.21248679717794605,46.2701416015625,6.339065081574023,2.804073566351473,0.03770256042480469,23.185068130493164
309,6.553274265697784,1000,0.21142436319205632,38.32700157165527,6.360237381476909,2.81548272772197,0.007126808166503906,28.243762969970703
310,-305.4967149847848,1000,0.21036724137609603,43.6282901763916,6.329178009163588,2.835103359596203,0.01219940185546875,24.678085327148438
311,-71.46113182590149,1000,0.20931540516921554,53.24002265930176,6.383092525940389,2.8850763683257497,0.03141593933105469,24.672727584838867
312,135.14021064575533,1000,0.20826882814336947,41.944068908691406,6.411928876593709,2.8805226702193862,0.019075393676757812,24.46776008605957
313,30.500909891610327,1000,0.20722748400265262,36.93507766723633,6.382185681659728,2.8939945638628237,0.018109798431396484,30.269542694091797
314,39.462542356023704,1000,0.20619134658263935,49.446645736694336,6.413880148485303,2.8963425189567533,0.011551856994628906,22.92569351196289
315,-247.00129158261436,1000,0.20516038984972615,41.84505653381348,6.40645550949499,2.9108331129683407,0.014050006866455078,26.434484481811523
316,191.7240755034392,1000,0.2041345879004775,43.66215515136719,6.382947651412338,2.90847792371296,0.024506568908691406,26.592510223388672
317,-146.80718999537433,1000,0.2031139149609751,51.85163879394531,6.369981986664236,2.88215112919065,0.006629467010498047,29.27248764038086
318,2.640916202452644,1000,0.20209834538617025,40.99998474121094,6.379023401923478,2.91568069183153,0.01607036590576172,29.21526527404785
319,483.75865545819727,1000,0.2010878536592394,38.87800407409668,6.374244170248509,2.9131746987667246,0.026105880737304688,29.348724365234375
320,2.717844711336647,1000,0.2000824143909432,48.86098861694336,6.403499461725354,2.938648214830107,0.015990257263183594,29.486360549926758
321,-76.11594226976263,1000,0.19908200231898848,42.62260055541992,6.383320556476712,2.909802802571299,0.012736797332763672,28.94931411743164
322,67.33575310436427,1000,0.19808659230739353,56.73422050476074,6.353202380929142,2.936903908595886,0.015065193176269531,29.198348999023438
323,-15.959611228036625,1000,0.19709615934585656,37.97487831115723,6.36037242570892,2.9176588214405244,0.013599395751953125,29.11580467224121
324,185.30480192371058,1000,0.19611067854912728,41.40645217895508,6.390663331970573,2.9458075844228953,0.0005741119384765625,28.768400192260742
325,-124.38266112969539,1000,0.19513012515638165,48.887643814086914,6.345499186597764,2.9426927083568577,0.042008399963378906,28.964996337890625
326,-9.736595654111095,1000,0.19415447453059972,42.021942138671875,6.343540981687605,2.94282236960352,0.014338493347167969,29.11675262451172
327,14.20026320213064,1000,0.19318370215794672,35.95413589477539,6.315938938196749,2.9118645880128846,0.021119117736816406,29.036884307861328
328,140.20555682879083,1000,0.192217783647157,44.88772964477539,6.304597314361483,2.889420656042487,0.027956008911132812,23.03754425048828
329,-231.58112353177364,1000,0.1912566947289212,49.15565299987793,6.329734819591045,2.9195782015608356,0.03752613067626953,22.65232276916504
330,-262.35447147454204,1000,0.1903004112552766,49.05994415283203,6.369563405413181,2.9490225806912513,0.039046287536621094,36.24053192138672
331,-189.62188201856662,1000,0.18934890919900021,50.092193603515625,6.351386081635952,2.8945995252167664,0.004882335662841797,24.40801239013672
332,-135.23898782638423,1000,0.18840216465300522,46.594709396362305,6.348985446490348,2.8945889635339843,0.03903341293334961,24.66644287109375
333,-40.47593649289826,1000,0.18746015382974018,42.577632904052734,6.335446606721729,2.918810869146966,0.01482391357421875,24.644893646240234
334,5.73329950882801,1000,0.1865228530605915,59.993202209472656,6.361414127860218,2.945839778157259,0.013356685638427734,25.359588623046875
335,-136.5096177083055,1000,0.18559023879528855,51.47184753417969,6.378608495038002,2.975025109816772,0.008032798767089844,30.12002182006836
336,-105.5441333472927,1000,0.1846622876013121,44.08542251586914,6.403560437243431,2.9794035785019726,0.025531291961669922,27.90978240966797
337,-165.40068303154803,1000,0.18373897616330553,57.77262306213379,6.415836142398417,2.941788871011752,0.016413211822509766,28.215667724609375
338,72.79075659656084,1000,0.182820281282489,49.00124168395996,6.373947192091495,2.898311833410835,0.01697683334350586,28.07841682434082
339,-232.62277807386172,1000,0.18190617987607657,39.910030364990234,6.381312100797891,2.9039114363212892,0.02730703353881836,27.18712615966797
340,37.34364005064589,1000,0.18099664897669618,40.656782150268555,6.399374271098524,2.8689550343632306,0.03223466873168945,26.082735061645508
341,60.851807292183366,1000,0.1800916657318127,48.33368492126465,6.380770518094301,2.917885151734177,0.011180400848388672,29.453222274780273
342,-133.79652459360963,1000,0.17919120740315364,47.01024627685547,6.38505093562603,2.9225107694575923,0.02223682403564453,26.105730056762695
343,-309.2959948649687,1000,0.17829525136613786,49.06884956359863,6.3749437132366005,2.9197825427173347,0.0347137451171875,26.765512466430664
344,61.893295820143365,1000,0.17740377510930716,50.52195739746094,6.36289758099243,2.9202359091807897,0.02241659164428711,25.857131958007812
345,-96.7520999111581,1000,0.17651675623376062,39.60203170776367,6.3429759537689385,2.8830094339891135,0.03461027145385742,28.48441505432129
346,44.5443515954039,1000,0.1756341724525918,49.62614440917969,6.357081858802586,2.889452017767572,0.02214956283569336,27.84783935546875
347,169.50742898510825,1000,0.17475600159032884,34.786678314208984,6.365282334756106,2.907741632438864,0.012448787689208984,25.927656173706055
348,-111.84614156125588,1000,0.17388222158237718,51.79559898376465,6.326718613378704,2.874793524327525,0.015556812286376953,25.92113494873047
349,208.01440080209898,1000,0.1730128104744653,50.83038330078125,6.342740072987974,2.908477226320728,0.006671428680419922,28.041759490966797
350,106.62310528689098,1000,0.17214774642209296,42.58515930175781,6.337296954780817,2.8852570998846145,0.01768636703491211,24.57834243774414
351,54.02331223771916,1000,0.1712870076899825,40.764936447143555,6.218243642058224,2.7458097083043564,0.013217926025390625,25.789897918701172
352,-210.16302851318605,1000,0.17043057265153258,44.14494323730469,6.253376225497574,2.7602859665454216,0.014569282531738281,24.115711212158203
353,-271.98129076755396,1000,0.16957841978827493,47.99447059631348,6.192664380129426,2.7263408533596425,0.01184988021850586,23.798349380493164
354,224.85853441734994,1000,0.16873052768933355,45.988075256347656,6.2472217773534355,2.7567050514953553,0.017910003662109375,23.941204071044922
355,-348.8965230414732,1000,0.1678868750508869,37.51493453979492,6.248314000632614,2.7483536836112696,0.018923282623291016,24.647953033447266
356,77.73004196488476,1000,0.16704744067563246,33.273136138916016,6.250230556789786,2.738259958944149,0.016710281372070312,24.105018615722656
357,-143.96006584363906,1000,0.1662122034722543,44.33660697937012,6.276549235928804,2.8080644507221884,0.00678253173828125,36.29597473144531
358,-64.92281544726428,1000,0.16538114245489302,40.212547302246094,6.294261049360037,2.8513364704845445,0.004800319671630859,26.687217712402344
359,-163.68402119654235,1000,0.16455423674261854,44.22353553771973,6.325519303057343,2.871021333726011,0.014413833618164062,26.483156204223633
360,-302.3154426573815,1000,0.16373146555890544,59.002525329589844,6.322396328855306,2.861167072267075,0.0016031265258789062,26.266719818115234
361,-234.4337981273072,1000,0.16291280823111093,65.11853408813477,6.343666577804834,2.9323194632488545,0.022258758544921875,37.80728530883789
362,-86.43531176580493,1000,0.16209824418995536,36.62365913391113,6.33229689450562,2.918027660739085,0.01773834228515625,37.53062438964844
363,52.278308807049186,1000,0.16128775296900558,52.886945724487305,6.315130774077028,2.897393523442004,0.024898529052734375,27.566801071166992
364,-395.8618465251349,1000,0.16048131420416054,32.890132904052734,6.342682161547244,2.882269400775923,0.009646892547607422,27.632516860961914
365,142.60043771979358,1000,0.15967890763313974,50.02163124084473,6.355945796862245,2.897290874006324,0.020783424377441406,31.844863891601562
366,-4.081388739754283,1000,0.15888051309497406,40.70229721069336,6.337045057605952,2.9112157890525516,0.013547420501708984,31.923274993896484
367,181.12828434180173,1000,0.1580861105294992,39.89478874206543,6.344963758207857,2.853981760137241,0.003806591033935547,30.564697265625
368,-222.95556210266147,1000,0.1572956799768517,75.42033386230469,6.35445042090863,2.8891132028287903,0.029902935028076172,29.32647132873535
369,-405.98869497395134,1000,0.15650920157696743,38.54233741760254,6.323909278150648,2.8557255534915718,0.011989116668701172,25.862485885620117
370,-2.3803315576076693,1000,0.1557266555690826,40.37996292114258,6.314597171857953,2.860847173656315,0.012124061584472656,29.15843963623047
371,-339.4082895276884,1000,0.1549480222912372,32.00703811645508,6.33596109060198,2.8613141809656217,0.02356576919555664,25.268089294433594
372,-94.08296948551421,1000,0.15417328217978102,49.20516014099121,6.312811367727816,2.8795303026395915,0.0020322799682617188,25.356342315673828
373,-30.41070515222993,1000,0.1534024157688821,48.61475944519043,6.366075286976993,2.893611756773117,0.005524158477783203,33.9334831237793
374,-21.696203614085334,1000,0.1526354036900377,34.6071834564209,6.342125501051545,2.9035386120035156,0.016520023345947266,31.474578857421875
375,118.38386010966605,1000,0.1518722266715875,38.87420082092285,6.375302454005927,2.901523246154781,0.02236032485961914,31.028629302978516
376,325.7504369834948,1000,0.15111286553822956,50.507808685302734,6.4209317559190096,2.9302336891281793,0.03911876678466797,31.442401885986328
377,61.54920434673289,1000,0.15035730121053842,43.384666442871094,6.386721135914326,2.8779378218750673,0.021973609924316406,31.72439193725586
378,139.93271187276792,1000,0.14960551470448571,49.102643966674805,6.368983031481505,2.853584182843395,0.018719196319580078,31.67657470703125
379,-130.02067998614012,1000,0.14885748713096328,45.86957359313965,6.374752395983785,2.895955797237731,0.014918804168701172,31.19796371459961
380,-70.17201926466807,1000,0.14811319969530845,57.35150146484375,6.39277618625015,2.902469560830754,0.041811466217041016,31.35458755493164
381,97.17929981190132,1000,0.1473726336968319,49.55957794189453,6.43985875299573,2.9145134910296755,0.027497291564941406,31.150455474853516
382,-57.6315598345587,1000,0.14663577052834775,46.543718338012695,6.437820285473019,2.9034601537998115,0.026376724243164062,28.210535049438477
383,-358.22259981937503,1000,0.14590259167570602,40.92762756347656,6.410298141300678,2.8972889714190178,0.014712333679199219,26.144269943237305
384,-311.81386173407896,1000,0.1451730787173275,57.27701377868652,6.411108831856399,2.9133741651707226,0.015938758850097656,26.119434356689453
385,-192.57631576559007,1000,0.14444721332374086,54.03102493286133,6.405597711749375,2.952073426618507,0.014866352081298828,24.234779357910156
386,-127.15661607596003,1000,0.14372497725712216,50.39942741394043,6.3813106526359915,2.9032276838611746,0.022171497344970703,29.378944396972656
387,-171.07527263583717,1000,0.14300635237083656,52.3165225982666,6.4088610667213795,2.9836350771116003,0.017536640167236328,31.581296920776367
388,107.80769153041066,1000,0.14229132060898236,42.52517890930176,6.428082662466913,3.0353715585364167,0.026144981384277344,32.631587982177734
389,-14.415952334004702,1000,0.14157986400593744,46.96710205078125,6.385955568771809,3.011506153136253,0.04118537902832031,30.3194637298584
390,-195.54281759911453,1000,0.14087196468590776,44.460960388183594,6.359931030672043,2.975822530176744,0.017540454864501953,28.76447296142578
391,-62.15927574049963,1000,0.14016760486247823,42.412763595581055,6.357260922446847,2.9558814414898964,0.015010833740234375,25.399024963378906
392,362.9173853777785,1000,0.13946676683816583,49.089792251586914,6.400476131498814,2.972077149200238,0.04759407043457031,29.04712677001953
393,-40.735328228951154,1000,0.138769433003975,45.121232986450195,6.4010942469611765,2.949836155086695,0.009274005889892578,25.362289428710938
394,-258.2227657815893,1000,0.13807558583895513,47.812021255493164,6.40573621949926,2.963663966805803,0.01667022705078125,26.83511734008789
395,31.356596088579746,1000,0.13738520790976036,54.804935455322266,6.417813824448735,2.9577741645169504,0.010804176330566406,24.89743423461914
396,-86.1975945773666,1000,0.13669828187021155,57.20414161682129,6.44517027946189,2.979872152693022,0.015951156616210938,30.771053314208984
397,180.3385035132286,1000,0.13601479046086049,49.7468204498291,6.39762386725843,2.989121971458766,0.021013259887695312,25.95171356201172
398,-150.03116827894553,1000,0.1353347165085562,41.14969444274902,6.431942321058362,2.9980434021548628,0.025693297386169434,26.953432083129883
399,130.49349488347033,1000,0.1346580429260134,41.93274116516113,6.433688959032297,3.005158247006302,0.02346181869506836,26.007110595703125
400,213.5722297601257,1000,0.13398475271138335,46.15775680541992,6.404480075411499,2.93442704692772,0.011446952819824219,23.7425479888916
401,80.15374631013964,1000,0.13331482894782642,44.839534759521484,6.232865743990987,2.6945331961376704,0.0027756690979003906,18.200531005859375
402,-254.48016496566507,1000,0.13264825480308728,41.30356979370117,6.239202804617584,2.73786567877793,0.032309532165527344,19.3643856048584
403,67.59967847237019,1000,0.13198501352907185,50.40130615234375,6.291078477811069,2.7361024813619466,0.03957843780517578,19.90029525756836
404,25.20491734782209,1000,0.1313250884614265,43.78937530517578,6.283219417657703,2.729092162993813,0.005533695220947266,19.142318725585938
405,-77.30115115975788,1000,0.13066846301911936,38.815467834472656,6.2598416976481674,2.7504329244432846,0.009984493255615234,18.517959594726562
406,181.4474629801654,1000,0.13001512070402377,39.73875045776367,6.262166351553053,2.722546826929445,0.01728343963623047,21.331905364990234
407,19.316363773542637,1000,0.12936504510050365,41.925804138183594,6.30353607204929,2.777352367803353,0.03444385528564453,24.147167205810547
408,335.2285125676463,1000,0.12871821987500112,39.25118637084961,6.276373999044299,2.7811731552098315,0.023936748504638672,19.38450050354004
409,-58.17143144130169,1000,0.12807462877562611,35.26059532165527,6.328493331722915,2.774234610567688,0.00353240966796875,20.30982208251953
410,58.48352361386684,1000,0.12743425563174798,44.75032615661621,6.278089009590447,2.799098403183533,0.016303539276123047,20.802515029907227
411,-138.86722559392814,1000,0.12679708435358925,44.139747619628906,6.287771051671356,2.8199624188480037,0.007214069366455078,26.31454849243164
412,36.76074996356195,1000,0.1261630989318213,48.05681610107422,6.283883100122213,2.805309376262738,0.022035598754882812,26.745315551757812
413,-56.89510352601745,1000,0.1255322834371622,37.17635726928711,6.312613594815135,2.8101444319293845,0.0025196075439453125,19.868000030517578
414,-149.52599446155247,1000,0.12490462201997637,50.29537582397461,6.328714822053909,2.857474289899287,0.0316920280456543,24.456478118896484
415,-185.4962940791534,1000,0.1242800989098765,40.55217361450195,6.354037286598236,2.8483546955690855,0.0059337615966796875,22.815032958984375
416,74.63030758734925,1000,0.12365869841532712,33.342092514038086,6.314246777817607,2.891312051519627,0.014041900634765625,20.77174949645996
417,210.35662524112968,1000,0.12304040492325048,52.37784004211426,6.322442745581269,2.8288304348380673,0.006708621978759766,21.57347869873047
418,401.5065885404079,1000,0.12242520289863423,53.74947547912598,6.348997551683336,2.8771990443264266,0.01447916030883789,22.669918060302734
419,70.30512787646988,1000,0.12181307688414106,45.26118087768555,6.289080155178905,2.821234121139702,0.01402425765991211,23.0120906829834
420,322.3508186898651,1000,0.12120401149972035,35.650861740112305,6.322263353601098,2.83017028185432,0.02967977523803711,21.44957160949707
421,-72.57687447462604,1000,0.12059799144222175,55.41299247741699,6.317898802638054,2.8143184099896636,0.022875308990478516,29.66024398803711
422,-181.3266176890163,1000,0.11999500148501063,39.270681381225586,6.338057257458567,2.8166577046994887,0.012701988220214844,20.932382583618164
423,109.75432981109465,1000,0.11939502647758558,48.165245056152344,6.29592712206766,2.836542721500262,0.01722240447998047,18.910877227783203
424,-9.790514557305986,1000,0.11879805134519765,41.72476387023926,6.295320152591914,2.792947107972899,0.0143280029296875,22.4110107421875
425,-94.51151809343418,1000,0.11820406108847166,39.70155906677246,6.295007310412824,2.817964874772706,0.015812397003173828,22.464815139770508
426,138.0806712222729,1000,0.1176130407830293,41.60288047790527,6.314364605724812,2.807373665465933,0.02049112319946289,22.488351821899414
427,2.2543340058856813,1000,0.11702497557911415,50.57692337036133,6.285391597919166,2.7990599525049635,0.008441925048828125,26.83004379272461
428,-104.84801426467558,1000,0.11643985070121858,44.75035095214844,6.333068468380719,2.8204358334702757,0.026489734649658203,26.122028350830078
429,211.97037560111863,1000,0.11585765144771248,45.1892032623291,6.303997200153768,2.816909994198696,0.014829635620117188,26.421829223632812
430,-114.60146095888385,1000,0.11527836319047392,43.20693588256836,6.291763890657574,2.818170427240487,0.018070697784423828,42.55935287475586
431,-29.890896267330632,1000,0.11470197137452155,69.58565902709961,6.337880985341966,2.786106556674467,0.012349128723144531,24.42387580871582
432,-141.90531603566973,1000,0.11412846151764894,40.06495475769043,6.290273820482194,2.860294255835241,0.010390281677246094,31.166851043701172
433,-139.28040618547627,1000,0.1135578192100607,56.317413330078125,6.329296674791723,2.845407141382332,0.008278369903564453,31.033031463623047
434,-41.99860947668985,1000,0.11299003011401039,35.5768928527832,6.326770553670824,2.878656005465604,0.011688232421875,30.767589569091797
435,48.822709672706964,1000,0.11242507996344034,29.030065536499023,6.301671134062111,2.8624887290668584,0.02313709259033203,30.37017822265625
436,8.609961748533017,1000,0.11186295456362313,51.37294006347656,6.329856537990272,2.884513134122399,0.016316890716552734,30.831541061401367
437,171.46235997798664,1000,0.11130363979080501,53.11504364013672,6.29411838176474,2.8159241936200767,0.029095172882080078,30.53348159790039
438,-101.80978756207053,1000,0.11074712159185099,52.391578674316406,6.271001758269966,2.807789817465852,0.00961446762084961,30.590312957763672
439,63.508851827351755,1000,0.11019338598389174,39.37384033203125,6.26982951952517,2.8056292000922007,0.015674591064453125,30.737876892089844
440,223.51087528757287,1000,0.10964241905397228,42.626901626586914,6.283405741780997,2.8424871237563303,0.03594255447387695,22.746173858642578
441,258.9331764539391,1000,0.10909420695870241,48.65922164916992,6.321285341702402,2.8557131450472104,0.016601085662841797,22.287799835205078
442,131.4054220939072,1000,0.1085487359239089,43.656572341918945,6.331499615494161,2.9091655100915013,0.021240234375,22.644306182861328
443,206.1995763218991,1000,0.10800599224428936,37.3966064453125,6.283698572389781,2.860074270223678,0.014687061309814453,23.709293365478516
444,45.67933488494809,1000,0.10746596228306791,44.402217864990234,6.328677450936287,2.884621494169041,0.02141094207763672,26.359050750732422
445,-97.06012174241259,1000,0.10692863247165257,51.4854850769043,6.334461365435272,2.9016296869057205,0.02316141128540039,21.844898223876953
446,-234.34280683625306,1000,0.1063939893092943,44.19997978210449,6.354884989634156,2.9073949966315302,0.021601200103759766,23.53961944580078
447,-268.80101109585706,1000,0.10586201936274783,45.193376541137695,6.3403149972856045,2.8946628511600894,0.025873661041259766,21.60276222229004
448,272.95844560731706,1000,0.10533270926593409,76.26981735229492,6.340181837432087,2.8691693021979385,0.018163204193115234,40.53921890258789
449,24.99762450149962,1000,0.10480604571960442,38.16215515136719,6.344230009444058,2.9090020054964385,0.015667438507080078,23.483293533325195
450,62.13485713500164,1000,0.1042820154910064,41.22672080993652,6.376791716195643,2.90835651122081,0.018040180206298828,27.436983108520508
451,-26.566555624824318,1000,0.10376060541355137,38.82352066040039,6.266590225294232,2.7091585718398297,0.011213302612304688,20.396486282348633
452,144.8399826136767,1000,0.1032418023864836,49.43567085266113,6.288873290803283,2.71509536154047,0.030169963836669922,19.118221282958984
453,-75.95855420886446,1000,0.10272559337455119,43.11885452270508,6.268691798761487,2.709827390443279,0.007838249206542969,18.698843002319336
454,183.48422284486148,1000,0.10221196540767843,34.24032211303711,6.267181755304336,2.741262906532946,0.005525112152099609,20.074411392211914
455,136.1881322320693,1000,0.10170090558064004,40.64991569519043,6.233650847166777,2.7161348767966973,0.016368865966796875,20.105182647705078
456,58.44173128197164,1000,0.10119240105273684,39.58132743835449,6.226562354438007,2.72762653921966,0.0146484375,20.462623596191406
457,-250.82757653930452,1000,0.10068643904747315,39.69703483581543,6.210539028301835,2.7209727977249685,0.02016305923461914,22.84368896484375
458,-128.57166572902338,1000,0.10018300685223579,46.46134376525879,6.212577314835042,2.7152796744511196,0.007808208465576172,24.699256896972656
459,-331.7937535784056,1000,0.0996820918179746,50.51641654968262,6.261961203444749,2.7549505918518493,0.007397174835205078,23.101497650146484
460,1.5761060107392222,1000,0.09918368135888474,41.30167007446289,6.254608641192317,2.7707295091440383,0.02112293243408203,23.477384567260742
461,182.75356797385112,1000,0.09868776295209031,46.27646446228027,6.259041333749891,2.777664622161724,0.010909557342529297,23.224769592285156
462,24.100280696855627,1000,0.09819432413732986,33.66844177246094,6.245470577340573,2.77198033954683,0.0059871673583984375,23.346298217773438
463,-78.60597273996852,1000,0.09770335251664321,53.2920036315918,6.284099262308329,2.809204484064771,0.016028881072998047,23.345874786376953
464,34.109279992102586,1000,0.09721483575406,38.89091491699219,6.3200627316907045,2.809099698415254,0.008881568908691406,25.144344329833984
465,302.5764770075545,1000,0.09672876157528969,51.620473861694336,6.315680954895914,2.8119652084585995,0.015141487121582031,25.485803604125977
466,-103.58471335763653,1000,0.09624511776741324,44.063602447509766,6.362084595471621,2.8025370504764022,0.02611541748046875,25.339679718017578
467,256.70111849588153,1000,0.09576389217857617,41.45737838745117,6.3466550687029955,2.7500667723854018,0.010602951049804688,23.885448455810547
468,-319.17506091352664,1000,0.09528507271768329,43.079471588134766,6.360847355902195,2.7797144106812564,0.020090579986572266,24.863115310668945
469,167.78075592990808,1000,0.09480864735409487,56.24977111816406,6.338617479521782,2.731265492479274,0.023334026336669922,24.715232849121094
470,78.48640930248162,1000,0.0943346041173244,58.46542930603027,6.32073389460519,2.744016751902593,0.031495094299316406,26.11925506591797
471,66.78145074182015,1000,0.09386293109673778,42.95989418029785,6.3686028659045695,2.7686553924442596,0.009054183959960938,22.925338745117188
472,16.317970077346637,1000,0.09339361644125409,44.511295318603516,6.338178369436413,2.7455276358190566,0.0353083610534668,24.336875915527344
473,115.53769915858433,1000,0.09292664835904782,50.82389831542969,6.324916099339724,2.749041921441521,0.02557229995727539,29.499492645263672
474,-303.2832651933003,1000,0.09246201511725258,56.300554275512695,6.330244199939072,2.8065607054241686,0.010805606842041016,29.983661651611328
475,60.19376528876433,1000,0.09199970504166631,47.56256294250488,6.356954645968973,2.7960676386003263,0.026702404022216797,28.880760192871094
476,-179.4861525294507,1000,0.09153970651645797,44.91058158874512,6.365697166077792,2.8013814376052344,0.004064083099365234,28.429794311523438
477,167.153074637131,1000,0.09108200798387568,41.351016998291016,6.36122705180943,2.8419161630664633,0.030878067016601562,25.090547561645508
478,-81.28539527740877,1000,0.0906265979439563,49.23167419433594,6.372152558032424,2.8195801448326128,0.01369476318359375,24.750736236572266
479,107.49745671052602,1000,0.09017346495423652,41.61213684082031,6.293990171730519,2.762192404681965,0.017185211181640625,21.88091468811035
480,135.89978346085587,1000,0.08972259762946533,38.323137283325195,6.339825939364731,2.785089601435297,0.004715442657470703,22.483875274658203
481,250.81072067222462,1000,0.089273984641318,44.643022537231445,6.305753885041923,2.7538165764420133,0.005717277526855469,21.737167358398438
482,-61.71394685607443,1000,0.0888276147181114,45.897239685058594,6.307421930536628,2.767439801388458,0.029785633087158203,21.4373779296875
483,1.830706438973131,1000,0.08838347664452084,47.24073600769043,6.284909172728658,2.751640766362264,0.01830148696899414,21.6606388092041
484,273.22699382050865,1000,0.08794155926129824,55.556419372558594,6.334498600192368,2.8007198369180535,0.037779808044433594,22.01041030883789
485,-49.611481334019786,1000,0.08750185146499175,36.42266082763672,6.310429674543441,2.7813158172689856,0.012685775756835938,21.38262367248535
486,141.18174841152506,1000,0.08706434220766679,52.86424446105957,6.291646935850382,2.7753928490423068,0.024175167083740234,20.04813575744629
487,-53.054823073833404,1000,0.08662902049662846,52.383567810058594,6.274934341192245,2.7927479945477134,0.022878170013427734,24.110244750976562
488,10.782150706915315,1000,0.08619587539414532,34.128597259521484,6.290150688938796,2.794397353204348,0.02217864990234375,22.730995178222656
489,66.37407792778544,1000,0.08576489601717459,53.60841369628906,6.303826459802687,2.7800315976575596,0.010921955108642578,22.131986618041992
490,-6.010474671380537,1000,0.08533607153708872,49.77231025695801,6.335804590512067,2.793633898088246,0.009087562561035156,25.25009536743164
491,182.45308667088702,1000,0.08490939117940327,44.51686096191406,6.283030809208751,2.787752260073894,0.02392101287841797,21.13228988647461
492,-365.9277979143964,1000,0.08448484422350626,40.103145599365234,6.314992454372346,2.791147649049561,0.028763771057128906,26.64908790588379
493,68.70249408333605,1000,0.08406242000238873,37.109479904174805,6.305361304365099,2.7867566524873246,0.005107402801513672,22.46648597717285
494,87.59858905244477,1000,0.08364210790237678,44.07661056518555,6.30435251083225,2.8204008498192423,0.014267921447753906,30.376184463500977
495,80.30565033386698,1000,0.0832238973628649,43.16791534423828,6.346657507844269,2.8481462207057113,0.018526077270507812,30.694320678710938
496,0.9541055213671843,1000,0.08280777787605056,68.39209747314453,6.375194387748837,2.807420401947106,0.013825416564941406,29.191246032714844
497,-130.37963458100057,1000,0.08239373898667031,43.17068290710449,6.335853509902954,2.876665324931771,0.01970195770263672,30.343740463256836
498,62.434325534641815,1000,0.08198177029173696,44.65785217285156,6.288584501303732,2.819742787350147,0.006985664367675781,30.477142333984375
499,77.06639739711059,1000,0.08157186144027828,39.282196044921875,6.3471620680987835,2.8402995376527005,0.00859832763671875,30.203027725219727
