Episode,Reward,Steps,Epsilon,RouteLength(m),Delay(s)
1,-25,25,1.0,0,0.0
2,-115,16,0.9511,0,0.0
3,-104,5,0.9276,0,0.0
4,-105,6,0.9001,0,0.0
5,-3,3,0.8867,0,0.0
6,-108,9,0.8475,0,0.0
7,-121,22,0.759,0,0.0
8,-8,8,0.7292,0,0.0
9,-100,1,0.7256,0,0.0
10,-111,12,0.6832,0,0.0
11,-31,31,0.5849,0,0.0
12,-1,1,0.582,0,0.0
13,-105,6,0.5647,0,0.0
14,-13,13,0.5291,0,0.0
15,-100,1,0.5264,0,0.0
16,-118,19,0.4786,0,0.0
17,-111,12,0.4507,0,0.0
18,-112,13,0.4223,0,0.0
19,-18,18,0.3858,0,0.0
20,-107,8,0.3707,0,0.0
21,-107,8,0.3561,0,0.0
22,-109,10,0.3387,0,0.0
23,-100,1,0.337,0,0.0
24,-105,6,0.327,0,0.0
25,-118,19,0.2973,0,0.0
26,-114,15,0.2758,0,0.0
27,-101,2,0.273,0,0.0
28,-100,1,0.2716,0,0.0
29,-120,21,0.2445,0,0.0
30,-101,2,0.2421,0,0.0
31,-5,5,0.2361,0,0.0
32,-103,4,0.2314,0,0.0
33,-110,11,0.219,0,0.0
34,-115,16,0.2021,0,0.0
35,-100,1,0.2011,0,0.0
36,-4,4,0.1971,0,0.0
37,-107,8,0.1893,0,0.0
38,-7,7,0.1828,0,0.0
39,-106,7,0.1765,0,0.0
40,-100,1,0.1756,0,0.0
41,-108,9,0.1679,0,0.0
42,-105,6,0.1629,0,0.0
43,-2,2,0.1613,0,0.0
44,-101,2,0.1597,0,0.0
45,-104,5,0.1557,0,0.0
46,-10,10,0.1481,0,0.0
47,-107,8,0.1423,0,0.0
48,-3,3,0.1402,0,0.0
49,-18,18,0.1281,0,0.0
50,-108,9,0.1224,0,0.0
51,-104,5,0.1194,0,0.0
52,-108,9,0.1141,0,0.0
53,-100,1,0.1136,0,0.0
54,-6,6,0.1102,0,0.0
55,-25,25,0.0972,0,0.0
56,-109,10,0.0925,0,0.0
57,-106,7,0.0893,0,0.0
58,-105,6,0.0866,0,0.0
59,-117,18,0.0792,0,0.0
60,-104,5,0.0772,0,0.0
61,-113,14,0.072,0,0.0
62,-15,15,0.0668,0,0.0
63,-147,48,0.0525,0,0.0
64,-21,21,0.0472,0,0.0
65,-102,3,0.0465,0,0.0
66,-100,1,0.0463,0,0.0
67,-104,5,0.0452,0,0.0
68,-109,10,0.0429,0,0.0
69,-112,13,0.0402,0,0.0
70,-106,7,0.0388,0,0.0
71,-11,11,0.0368,0,0.0
72,-105,6,0.0357,0,0.0
73,-8,8,0.0343,0,0.0
74,-100,1,0.0341,0,0.0
75,-107,8,0.0328,0,0.0
76,-6,6,0.0318,0,0.0
77,-103,4,0.0312,0,0.0
78,-119,20,0.0282,0,0.0
79,-5,5,0.0275,0,0.0
80,-2,2,0.0272,0,0.0
81,-125,26,0.0239,0,0.0
82,-100,1,0.0238,0,0.0
83,-104,5,0.0232,0,0.0
84,-102,3,0.0228,0,0.0
85,-114,15,0.0212,0,0.0
86,-105,6,0.0206,0,0.0
87,-145,46,0.0163,0,0.0
88,-104,5,0.0159,0,0.0
89,-112,13,0.0149,0,0.0
90,-118,19,0.0136,0,0.0
91,-119,20,0.0123,0,0.0
92,-11,11,0.0116,0,0.0
93,-120,21,0.0104,0,0.0
94,-113,14,0.01,0,0.0
95,-135,36,0.01,0,0.0
96,-8,8,0.01,0,0.0
97,-107,8,0.01,0,0.0
98,-109,10,0.01,0,0.0
99,-12,12,0.01,0,0.0
100,-25,25,0.01,0,0.0
101,-100,1,0.01,0,0.0
102,-100,1,0.01,0,0.0
103,-112,13,0.01,0,0.0
104,-103,4,0.01,0,0.0
105,-104,5,0.01,0,0.0
106,-100,1,0.01,0,0.0
107,-5,5,0.01,0,0.0
108,-108,9,0.01,0,0.0
109,-106,7,0.01,0,0.0
110,-118,19,0.01,0,0.0
111,-9,9,0.01,0,0.0
112,-13,13,0.01,0,0.0
113,-109,10,0.01,0,0.0
114,-103,4,0.01,0,0.0
115,-100,1,0.01,0,0.0
116,-100,1,0.01,0,0.0
117,-110,11,0.01,0,0.0
118,-111,12,0.01,0,0.0
119,-115,16,0.01,0,0.0
120,-1,1,0.01,0,0.0
121,-108,9,0.01,0,0.0
122,-115,16,0.01,0,0.0
123,-106,7,0.01,0,0.0
124,-101,2,0.01,0,0.0
125,-19,19,0.01,0,0.0
126,-3,3,0.01,0,0.0
127,-9,9,0.01,0,0.0
128,-101,2,0.01,0,0.0
129,-111,12,0.01,0,0.0
130,-107,8,0.01,0,0.0
131,-7,7,0.01,0,0.0
132,-111,12,0.01,0,0.0
133,-113,14,0.01,0,0.0
134,-111,12,0.01,0,0.0
135,-100,1,0.01,0,0.0
136,-1,1,0.01,0,0.0
137,-4,4,0.01,0,0.0
138,-112,13,0.01,0,0.0
139,-100,1,0.01,0,0.0
140,-101,2,0.01,0,0.0
141,-107,8,0.01,0,0.0
142,-5,5,0.01,0,0.0
143,-117,18,0.01,0,0.0
144,-116,17,0.01,0,0.0
145,-103,4,0.01,0,0.0
146,-113,14,0.01,0,0.0
147,-12,12,0.01,0,0.0
148,-100,1,0.01,0,0.0
149,-105,6,0.01,0,0.0
150,-7,7,0.01,0,0.0
151,-120,21,0.01,0,0.0
152,-1,1,0.01,0,0.0
153,-106,7,0.01,0,0.0
154,-104,5,0.01,0,0.0
155,-19,19,0.01,0,0.0
156,-100,1,0.01,0,0.0
157,-105,6,0.01,0,0.0
158,-3,3,0.01,0,0.0
159,-4,4,0.01,0,0.0
160,-108,9,0.01,0,0.0
161,-112,13,0.01,0,0.0
162,-100,1,0.01,0,0.0
163,-12,12,0.01,0,0.0
164,-107,8,0.01,0,0.0
165,-11,11,0.01,0,0.0
166,-109,10,0.01,0,0.0
167,-132,33,0.01,0,0.0
168,-8,8,0.01,0,0.0
169,-107,8,0.01,0,0.0
170,-108,9,0.01,0,0.0
171,-7,7,0.01,0,0.0
172,-107,8,0.01,0,0.0
173,-109,10,0.01,0,0.0
174,-22,22,0.01,0,0.0
175,-100,1,0.01,0,0.0
176,-108,9,0.01,0,0.0
177,-100,1,0.01,0,0.0
178,-104,5,0.01,0,0.0
179,-3,3,0.01,0,0.0
180,-100,1,0.01,0,0.0
181,-106,7,0.01,0,0.0
182,-102,3,0.01,0,0.0
183,-104,5,0.01,0,0.0
184,-100,1,0.01,0,0.0
185,-106,7,0.01,0,0.0
186,-26,26,0.01,0,0.0
187,-100,1,0.01,0,0.0
188,-3,3,0.01,0,0.0
189,-108,9,0.01,0,0.0
190,-111,12,0.01,0,0.0
191,-106,7,0.01,0,0.0
192,-6,6,0.01,0,0.0
193,-105,6,0.01,0,0.0
194,-3,3,0.01,0,0.0
195,-100,1,0.01,0,0.0
196,-108,9,0.01,0,0.0
197,-100,1,0.01,0,0.0
198,-103,4,0.01,0,0.0
199,-118,19,0.01,0,0.0
200,-100,1,0.01,0,0.0
201,-111,12,0.01,0,0.0
202,-103,4,0.01,0,0.0
203,-8,8,0.01,0,0.0
204,-119,20,0.01,0,0.0
205,-6,6,0.01,0,0.0
206,-107,8,0.01,0,0.0
207,-8,8,0.01,0,0.0
208,-105,6,0.01,0,0.0
209,-104,5,0.01,0,0.0
210,-107,8,0.01,0,0.0
211,-9,9,0.01,0,0.0
212,-116,17,0.01,0,0.0
213,-113,14,0.01,0,0.0
214,-7,7,0.01,0,0.0
215,-104,5,0.01,0,0.0
216,-114,15,0.01,0,0.0
217,-118,19,0.01,0,0.0
218,-110,11,0.01,0,0.0
219,-1,1,0.01,0,0.0
220,-105,6,0.01,0,0.0
221,-105,6,0.01,0,0.0
222,-9,9,0.01,0,0.0
223,-1,1,0.01,0,0.0
224,-118,19,0.01,0,0.0
225,-112,13,0.01,0,0.0
226,-104,5,0.01,0,0.0
227,-111,12,0.01,0,0.0
228,-101,2,0.01,0,0.0
229,-107,8,0.01,0,0.0
230,-100,1,0.01,0,0.0
231,-130,31,0.01,0,0.0
232,-105,6,0.01,0,0.0
233,-1,1,0.01,0,0.0
234,-107,8,0.01,0,0.0
235,-104,5,0.01,0,0.0
236,-141,42,0.01,0,0.0
237,-111,12,0.01,0,0.0
238,-106,7,0.01,0,0.0
239,-5,5,0.01,0,0.0
240,-44,44,0.01,0,0.0
241,-111,12,0.01,0,0.0
242,-103,4,0.01,0,0.0
243,-108,9,0.01,0,0.0
244,-5,5,0.01,0,0.0
245,-5,5,0.01,0,0.0
246,-111,12,0.01,0,0.0
247,-107,8,0.01,0,0.0
248,-6,6,0.01,0,0.0
249,-5,5,0.01,0,0.0
250,-112,13,0.01,0,0.0
251,-119,20,0.01,0,0.0
252,-114,15,0.01,0,0.0
253,-103,4,0.01,0,0.0
254,-105,6,0.01,0,0.0
255,-110,11,0.01,0,0.0
256,-38,38,0.01,0,0.0
257,-106,7,0.01,0,0.0
258,-3,3,0.01,0,0.0
259,-113,14,0.01,0,0.0
260,-107,8,0.01,0,0.0
261,-13,13,0.01,0,0.0
262,-6,6,0.01,0,0.0
263,-1,1,0.01,0,0.0
264,-100,1,0.01,0,0.0
265,-100,1,0.01,0,0.0
266,-105,6,0.01,0,0.0
267,-12,12,0.01,0,0.0
268,-105,6,0.01,0,0.0
269,-9,9,0.01,0,0.0
270,-116,17,0.01,0,0.0
271,-117,18,0.01,0,0.0
272,-101,2,0.01,0,0.0
273,-13,13,0.01,0,0.0
274,-112,13,0.01,0,0.0
275,-103,4,0.01,0,0.0
276,-101,2,0.01,0,0.0
277,-112,13,0.01,0,0.0
278,-107,8,0.01,0,0.0
279,-106,7,0.01,0,0.0
280,-105,6,0.01,0,0.0
281,-107,8,0.01,0,0.0
282,-107,8,0.01,0,0.0
283,-103,4,0.01,0,0.0
284,-1,1,0.01,0,0.0
285,-108,9,0.01,0,0.0
286,-100,1,0.01,0,0.0
287,-1,1,0.01,0,0.0
288,-16,16,0.01,0,0.0
289,-100,1,0.01,0,0.0
290,-114,15,0.01,0,0.0
291,-121,22,0.01,0,0.0
292,-13,13,0.01,0,0.0
293,-106,7,0.01,0,0.0
294,-120,21,0.01,0,0.0
295,-120,21,0.01,0,0.0
296,-111,12,0.01,0,0.0
297,-104,5,0.01,0,0.0
298,-110,11,0.01,0,0.0
299,-100,1,0.01,0,0.0
300,-108,9,0.01,0,0.0
301,-100,1,0.01,0,0.0
302,-7,7,0.01,0,0.0
303,-144,45,0.01,0,0.0
304,-107,8,0.01,0,0.0
305,-112,13,0.01,0,0.0
306,-3,3,0.01,0,0.0
307,-107,8,0.01,0,0.0
308,-109,10,0.01,0,0.0
309,-111,12,0.01,0,0.0
310,-115,16,0.01,0,0.0
311,-12,12,0.01,0,0.0
312,-115,16,0.01,0,0.0
313,-117,18,0.01,0,0.0
314,-104,5,0.01,0,0.0
315,-114,15,0.01,0,0.0
316,-104,5,0.01,0,0.0
317,-107,8,0.01,0,0.0
318,-100,1,0.01,0,0.0
319,-4,4,0.01,0,0.0
320,-10,10,0.01,0,0.0
321,-106,7,0.01,0,0.0
322,-100,1,0.01,0,0.0
323,-5,5,0.01,0,0.0
324,-103,4,0.01,0,0.0
325,-11,11,0.01,0,0.0
326,-107,8,0.01,0,0.0
327,-104,5,0.01,0,0.0
328,-114,15,0.01,0,0.0
329,-105,6,0.01,0,0.0
330,-3,3,0.01,0,0.0
331,-108,9,0.01,0,0.0
332,-114,15,0.01,0,0.0
333,-107,8,0.01,0,0.0
334,-100,1,0.01,0,0.0
335,-108,9,0.01,0,0.0
336,-114,15,0.01,0,0.0
337,-108,9,0.01,0,0.0
338,-107,8,0.01,0,0.0
339,-9,9,0.01,0,0.0
340,-106,7,0.01,0,0.0
341,-100,1,0.01,0,0.0
342,-111,12,0.01,0,0.0
343,-111,12,0.01,0,0.0
344,-105,6,0.01,0,0.0
345,-119,20,0.01,0,0.0
346,-130,31,0.01,0,0.0
347,-104,5,0.01,0,0.0
348,-100,1,0.01,0,0.0
349,-105,6,0.01,0,0.0
350,-105,6,0.01,0,0.0
351,-100,1,0.01,0,0.0
352,-105,6,0.01,0,0.0
353,-3,3,0.01,0,0.0
354,-100,1,0.01,0,0.0
355,-108,9,0.01,0,0.0
356,-16,16,0.01,0,0.0
357,-100,1,0.01,0,0.0
358,-100,1,0.01,0,0.0
359,-113,14,0.01,0,0.0
360,-118,19,0.01,0,0.0
361,-13,13,0.01,0,0.0
362,-9,9,0.01,0,0.0
363,-105,6,0.01,0,0.0
364,-5,5,0.01,0,0.0
365,-105,6,0.01,0,0.0
366,-113,14,0.01,0,0.0
367,-100,1,0.01,0,0.0
368,-13,13,0.01,0,0.0
369,-5,5,0.01,0,0.0
370,-107,8,0.01,0,0.0
371,-100,1,0.01,0,0.0
372,-111,12,0.01,0,0.0
373,-114,15,0.01,0,0.0
374,-108,9,0.01,0,0.0
375,-100,1,0.01,0,0.0
376,-104,5,0.01,0,0.0
377,-9,9,0.01,0,0.0
378,-108,9,0.01,0,0.0
379,-3,3,0.01,0,0.0
380,-4,4,0.01,0,0.0
381,-112,13,0.01,0,0.0
382,-111,12,0.01,0,0.0
383,-1,1,0.01,0,0.0
384,-11,11,0.01,0,0.0
385,-101,2,0.01,0,0.0
386,-113,14,0.01,0,0.0
387,-19,19,0.01,0,0.0
388,-110,11,0.01,0,0.0
389,-108,9,0.01,0,0.0
390,-4,4,0.01,0,0.0
391,-116,17,0.01,0,0.0
392,-125,26,0.01,0,0.0
393,-108,9,0.01,0,0.0
394,-105,6,0.01,0,0.0
395,-107,8,0.01,0,0.0
396,-108,9,0.01,0,0.0
397,-107,8,0.01,0,0.0
398,-103,4,0.01,0,0.0
399,-105,6,0.01,0,0.0
400,-108,9,0.01,0,0.0
401,-112,13,0.01,0,0.0
402,-109,10,0.01,0,0.0
403,-107,8,0.01,0,0.0
404,-106,7,0.01,0,0.0
405,-103,4,0.01,0,0.0
406,-107,8,0.01,0,0.0
407,-110,11,0.01,0,0.0
408,-107,8,0.01,0,0.0
409,-13,13,0.01,0,0.0
410,-100,1,0.01,0,0.0
411,-110,11,0.01,0,0.0
412,-11,11,0.01,0,0.0
413,-28,28,0.01,0,0.0
414,-100,1,0.01,0,0.0
415,-111,12,0.01,0,0.0
416,-107,8,0.01,0,0.0
417,-103,4,0.01,0,0.0
418,-107,8,0.01,0,0.0
419,-103,4,0.01,0,0.0
420,-108,9,0.01,0,0.0
421,-118,19,0.01,0,0.0
422,-114,15,0.01,0,0.0
423,-100,1,0.01,0,0.0
424,-105,6,0.01,0,0.0
425,-100,1,0.01,0,0.0
426,-113,14,0.01,0,0.0
427,-11,11,0.01,0,0.0
428,-108,9,0.01,0,0.0
429,-100,1,0.01,0,0.0
430,-100,1,0.01,0,0.0
431,-109,10,0.01,0,0.0
432,-100,1,0.01,0,0.0
433,-4,4,0.01,0,0.0
434,-9,9,0.01,0,0.0
435,-105,6,0.01,0,0.0
436,-10,10,0.01,0,0.0
437,-111,12,0.01,0,0.0
438,-117,18,0.01,0,0.0
439,-10,10,0.01,0,0.0
440,-106,7,0.01,0,0.0
441,-104,5,0.01,0,0.0
442,-111,12,0.01,0,0.0
443,-122,23,0.01,0,0.0
444,-101,2,0.01,0,0.0
445,-107,8,0.01,0,0.0
446,-106,7,0.01,0,0.0
447,-7,7,0.01,0,0.0
448,-1,1,0.01,0,0.0
449,-100,1,0.01,0,0.0
450,-108,9,0.01,0,0.0
451,-105,6,0.01,0,0.0
452,-107,8,0.01,0,0.0
453,-104,5,0.01,0,0.0
454,-110,11,0.01,0,0.0
455,-4,4,0.01,0,0.0
456,-5,5,0.01,0,0.0
457,-100,1,0.01,0,0.0
458,-104,5,0.01,0,0.0
459,-103,4,0.01,0,0.0
460,-119,20,0.01,0,0.0
461,-109,10,0.01,0,0.0
462,-107,8,0.01,0,0.0
463,-100,1,0.01,0,0.0
464,-107,8,0.01,0,0.0
465,-9,9,0.01,0,0.0
466,-9,9,0.01,0,0.0
467,-110,11,0.01,0,0.0
468,-100,1,0.01,0,0.0
469,-14,14,0.01,0,0.0
470,-106,7,0.01,0,0.0
471,-111,12,0.01,0,0.0
472,-18,18,0.01,0,0.0
473,-11,11,0.01,0,0.0
474,-100,1,0.01,0,0.0
475,-119,20,0.01,0,0.0
476,-100,1,0.01,0,0.0
477,-110,11,0.01,0,0.0
478,-102,3,0.01,0,0.0
479,-100,1,0.01,0,0.0
480,-8,8,0.01,0,0.0
481,-106,7,0.01,0,0.0
482,-8,8,0.01,0,0.0
483,-115,16,0.01,0,0.0
484,-111,12,0.01,0,0.0
485,-10,10,0.01,0,0.0
486,-102,3,0.01,0,0.0
487,-11,11,0.01,0,0.0
488,-4,4,0.01,0,0.0
489,-111,12,0.01,0,0.0
490,-27,27,0.01,0,0.0
491,-100,1,0.01,0,0.0
492,-19,19,0.01,0,0.0
493,-10,10,0.01,0,0.0
494,-104,5,0.01,0,0.0
495,-17,17,0.01,0,0.0
496,-2,2,0.01,0,0.0
497,-106,7,0.01,0,0.0
498,-108,9,0.01,0,0.0
499,-2,2,0.01,0,0.0
500,-4,4,0.01,0,0.0
501,-1,1,0.01,0,0.0
502,-114,15,0.01,0,0.0
503,-1,1,0.01,0,0.0
504,-7,7,0.01,0,0.0
505,-107,8,0.01,0,0.0
506,-109,10,0.01,0,0.0
507,-100,1,0.01,0,0.0
508,-1,1,0.01,0,0.0
509,-108,9,0.01,0,0.0
510,-103,4,0.01,0,0.0
511,-107,8,0.01,0,0.0
512,-109,10,0.01,0,0.0
513,-124,25,0.01,0,0.0
514,-2,2,0.01,0,0.0
515,-111,12,0.01,0,0.0
516,-114,15,0.01,0,0.0
517,-11,11,0.01,0,0.0
518,-106,7,0.01,0,0.0
519,-101,2,0.01,0,0.0
520,-100,1,0.01,0,0.0
521,-13,13,0.01,0,0.0
522,-107,8,0.01,0,0.0
523,-110,11,0.01,0,0.0
524,-106,7,0.01,0,0.0
525,-106,7,0.01,0,0.0
526,-26,26,0.01,0,0.0
527,-14,14,0.01,0,0.0
528,-10,10,0.01,0,0.0
529,-119,20,0.01,0,0.0
530,-100,1,0.01,0,0.0
531,-102,3,0.01,0,0.0
532,-100,1,0.01,0,0.0
533,-117,18,0.01,0,0.0
534,-102,3,0.01,0,0.0
535,-106,7,0.01,0,0.0
536,-115,16,0.01,0,0.0
537,-100,1,0.01,0,0.0
538,-107,8,0.01,0,0.0
539,-105,6,0.01,0,0.0
540,-102,3,0.01,0,0.0
541,-106,7,0.01,0,0.0
542,-103,4,0.01,0,0.0
543,-7,7,0.01,0,0.0
544,-107,8,0.01,0,0.0
545,-112,13,0.01,0,0.0
546,-109,10,0.01,0,0.0
547,-100,1,0.01,0,0.0
548,-66,66,0.01,0,0.0
549,-102,3,0.01,0,0.0
550,-104,5,0.01,0,0.0
551,-112,13,0.01,0,0.0
552,-104,5,0.01,0,0.0
553,-111,12,0.01,0,0.0
554,-119,20,0.01,0,0.0
555,-109,10,0.01,0,0.0
556,-109,10,0.01,0,0.0
557,-106,7,0.01,0,0.0
558,-106,7,0.01,0,0.0
559,-4,4,0.01,0,0.0
560,-104,5,0.01,0,0.0
561,-102,3,0.01,0,0.0
562,-108,9,0.01,0,0.0
563,-13,13,0.01,0,0.0
564,-108,9,0.01,0,0.0
565,-8,8,0.01,0,0.0
566,-11,11,0.01,0,0.0
567,-12,12,0.01,0,0.0
568,-110,11,0.01,0,0.0
569,-113,14,0.01,0,0.0
570,-104,5,0.01,0,0.0
571,-1,1,0.01,0,0.0
572,-109,10,0.01,0,0.0
573,-111,12,0.01,0,0.0
574,-108,9,0.01,0,0.0
575,-100,1,0.01,0,0.0
576,-16,16,0.01,0,0.0
577,-1,1,0.01,0,0.0
578,-100,1,0.01,0,0.0
579,-100,1,0.01,0,0.0
580,-14,14,0.01,0,0.0
581,-104,5,0.01,0,0.0
582,-120,21,0.01,0,0.0
583,-17,17,0.01,0,0.0
584,-111,12,0.01,0,0.0
585,-104,5,0.01,0,0.0
586,-105,6,0.01,0,0.0
587,-106,7,0.01,0,0.0
588,-8,8,0.01,0,0.0
589,-103,4,0.01,0,0.0
590,-6,6,0.01,0,0.0
591,-109,10,0.01,0,0.0
592,-17,17,0.01,0,0.0
593,-100,1,0.01,0,0.0
594,-108,9,0.01,0,0.0
595,-105,6,0.01,0,0.0
596,-110,11,0.01,0,0.0
597,-108,9,0.01,0,0.0
598,-10,10,0.01,0,0.0
599,-103,4,0.01,0,0.0
600,-111,12,0.01,0,0.0
601,-118,19,0.01,0,0.0
602,-7,7,0.01,0,0.0
603,-141,42,0.01,0,0.0
604,-115,16,0.01,0,0.0
605,-107,8,0.01,0,0.0
606,-105,6,0.01,0,0.0
607,-114,15,0.01,0,0.0
608,-105,6,0.01,0,0.0
609,-106,7,0.01,0,0.0
610,-100,1,0.01,0,0.0
611,-10,10,0.01,0,0.0
612,-112,13,0.01,0,0.0
613,-7,7,0.01,0,0.0
614,-1,1,0.01,0,0.0
615,-12,12,0.01,0,0.0
616,-108,9,0.01,0,0.0
617,-109,10,0.01,0,0.0
618,-106,7,0.01,0,0.0
619,-127,28,0.01,0,0.0
620,-13,13,0.01,0,0.0
621,-15,15,0.01,0,0.0
622,-107,8,0.01,0,0.0
623,-103,4,0.01,0,0.0
624,-4,4,0.01,0,0.0
625,-105,6,0.01,0,0.0
626,-108,9,0.01,0,0.0
627,-100,1,0.01,0,0.0
628,-103,4,0.01,0,0.0
629,-9,9,0.01,0,0.0
630,-100,1,0.01,0,0.0
631,-126,27,0.01,0,0.0
632,-1,1,0.01,0,0.0
633,-104,5,0.01,0,0.0
634,-107,8,0.01,0,0.0
635,-107,8,0.01,0,0.0
636,-100,1,0.01,0,0.0
637,-100,1,0.01,0,0.0
638,-107,8,0.01,0,0.0
639,-17,17,0.01,0,0.0
640,-100,1,0.01,0,0.0
641,-118,19,0.01,0,0.0
642,-100,1,0.01,0,0.0
643,-109,10,0.01,0,0.0
644,-13,13,0.01,0,0.0
645,-13,13,0.01,0,0.0
646,-116,17,0.01,0,0.0
647,-15,15,0.01,0,0.0
648,-108,9,0.01,0,0.0
649,-108,9,0.01,0,0.0
650,-19,19,0.01,0,0.0
651,-5,5,0.01,0,0.0
652,-107,8,0.01,0,0.0
653,-16,16,0.01,0,0.0
654,-19,19,0.01,0,0.0
655,-104,5,0.01,0,0.0
656,-100,1,0.01,0,0.0
657,-116,17,0.01,0,0.0
658,-8,8,0.01,0,0.0
659,-117,18,0.01,0,0.0
660,-100,1,0.01,0,0.0
661,-111,12,0.01,0,0.0
662,-100,1,0.01,0,0.0
663,-111,12,0.01,0,0.0
664,-106,7,0.01,0,0.0
665,-19,19,0.01,0,0.0
666,-101,2,0.01,0,0.0
667,-111,12,0.01,0,0.0
668,-112,13,0.01,0,0.0
669,-104,5,0.01,0,0.0
670,-113,14,0.01,0,0.0
671,-110,11,0.01,0,0.0
672,-107,8,0.01,0,0.0
673,-103,4,0.01,0,0.0
674,-100,1,0.01,0,0.0
675,-101,2,0.01,0,0.0
676,-11,11,0.01,0,0.0
677,-104,5,0.01,0,0.0
678,-104,5,0.01,0,0.0
679,-117,18,0.01,0,0.0
680,-105,6,0.01,0,0.0
681,-109,10,0.01,0,0.0
682,-11,11,0.01,0,0.0
683,-30,30,0.01,0,0.0
684,-108,9,0.01,0,0.0
685,-116,17,0.01,0,0.0
686,-118,19,0.01,0,0.0
687,-110,11,0.01,0,0.0
688,-111,12,0.01,0,0.0
689,-118,19,0.01,0,0.0
690,-4,4,0.01,0,0.0
691,-112,13,0.01,0,0.0
692,-103,4,0.01,0,0.0
693,-112,13,0.01,0,0.0
694,-4,4,0.01,0,0.0
695,-120,21,0.01,0,0.0
696,-104,5,0.01,0,0.0
697,-14,14,0.01,0,0.0
698,-10,10,0.01,0,0.0
699,-104,5,0.01,0,0.0
700,-110,11,0.01,0,0.0
701,-104,5,0.01,0,0.0
702,-100,1,0.01,0,0.0
703,-104,5,0.01,0,0.0
704,-1,1,0.01,0,0.0
705,-111,12,0.01,0,0.0
706,-109,10,0.01,0,0.0
707,-109,10,0.01,0,0.0
708,-107,8,0.01,0,0.0
709,-114,15,0.01,0,0.0
710,-11,11,0.01,0,0.0
711,-110,11,0.01,0,0.0
712,-144,45,0.01,0,0.0
713,-117,18,0.01,0,0.0
714,-100,1,0.01,0,0.0
715,-104,5,0.01,0,0.0
716,-105,6,0.01,0,0.0
717,-2,2,0.01,0,0.0
718,-100,1,0.01,0,0.0
719,-114,15,0.01,0,0.0
720,-16,16,0.01,0,0.0
721,-109,10,0.01,0,0.0
722,-106,7,0.01,0,0.0
723,-104,5,0.01,0,0.0
724,-18,18,0.01,0,0.0
725,-8,8,0.01,0,0.0
726,-100,1,0.01,0,0.0
727,-115,16,0.01,0,0.0
728,-110,11,0.01,0,0.0
729,-103,4,0.01,0,0.0
730,-8,8,0.01,0,0.0
731,-102,3,0.01,0,0.0
732,-14,14,0.01,0,0.0
733,-107,8,0.01,0,0.0
734,-100,1,0.01,0,0.0
735,-105,6,0.01,0,0.0
736,-15,15,0.01,0,0.0
737,-115,16,0.01,0,0.0
738,-116,17,0.01,0,0.0
739,-6,6,0.01,0,0.0
740,-105,6,0.01,0,0.0
741,-1,1,0.01,0,0.0
742,-108,9,0.01,0,0.0
743,-8,8,0.01,0,0.0
744,-107,8,0.01,0,0.0
745,-104,5,0.01,0,0.0
746,-114,15,0.01,0,0.0
747,-11,11,0.01,0,0.0
748,-5,5,0.01,0,0.0
749,-5,5,0.01,0,0.0
750,-109,10,0.01,0,0.0
751,-11,11,0.01,0,0.0
752,-115,16,0.01,0,0.0
753,-107,8,0.01,0,0.0
754,-101,2,0.01,0,0.0
755,-3,3,0.01,0,0.0
756,-6,6,0.01,0,0.0
757,-100,1,0.01,0,0.0
758,-118,19,0.01,0,0.0
759,-112,13,0.01,0,0.0
760,-107,8,0.01,0,0.0
761,-106,7,0.01,0,0.0
762,-1,1,0.01,0,0.0
763,-100,1,0.01,0,0.0
764,-104,5,0.01,0,0.0
765,-100,1,0.01,0,0.0
766,-110,11,0.01,0,0.0
767,-115,16,0.01,0,0.0
768,-13,13,0.01,0,0.0
769,-100,1,0.01,0,0.0
770,-106,7,0.01,0,0.0
771,-103,4,0.01,0,0.0
772,-100,1,0.01,0,0.0
773,-107,8,0.01,0,0.0
774,-100,1,0.01,0,0.0
775,-104,5,0.01,0,0.0
776,-118,19,0.01,0,0.0
777,-107,8,0.01,0,0.0
778,-3,3,0.01,0,0.0
779,-113,14,0.01,0,0.0
780,-108,9,0.01,0,0.0
781,-106,7,0.01,0,0.0
782,-116,17,0.01,0,0.0
783,-10,10,0.01,0,0.0
784,-100,1,0.01,0,0.0
785,-37,37,0.01,0,0.0
786,-113,14,0.01,0,0.0
787,-1,1,0.01,0,0.0
788,-109,10,0.01,0,0.0
789,-100,1,0.01,0,0.0
790,-1,1,0.01,0,0.0
791,-107,8,0.01,0,0.0
792,-9,9,0.01,0,0.0
793,-145,46,0.01,0,0.0
794,-107,8,0.01,0,0.0
795,-107,8,0.01,0,0.0
796,-108,9,0.01,0,0.0
797,-105,6,0.01,0,0.0
798,-10,10,0.01,0,0.0
799,-107,8,0.01,0,0.0
800,-100,1,0.01,0,0.0
801,-100,1,0.01,0,0.0
802,-110,11,0.01,0,0.0
803,-111,12,0.01,0,0.0
804,-7,7,0.01,0,0.0
805,-100,1,0.01,0,0.0
806,-102,3,0.01,0,0.0
807,-103,4,0.01,0,0.0
808,-100,1,0.01,0,0.0
809,-100,1,0.01,0,0.0
810,-105,6,0.01,0,0.0
811,-100,1,0.01,0,0.0
812,-111,12,0.01,0,0.0
813,-100,1,0.01,0,0.0
814,-100,1,0.01,0,0.0
815,-108,9,0.01,0,0.0
816,-106,7,0.01,0,0.0
817,-103,4,0.01,0,0.0
818,-2,2,0.01,0,0.0
819,-119,20,0.01,0,0.0
820,-6,6,0.01,0,0.0
821,-104,5,0.01,0,0.0
822,-11,11,0.01,0,0.0
823,-114,15,0.01,0,0.0
824,-7,7,0.01,0,0.0
825,-31,31,0.01,0,0.0
826,-13,13,0.01,0,0.0
827,-112,13,0.01,0,0.0
828,-144,45,0.01,0,0.0
829,-14,14,0.01,0,0.0
830,-111,12,0.01,0,0.0
831,-10,10,0.01,0,0.0
832,-7,7,0.01,0,0.0
833,-108,9,0.01,0,0.0
834,-109,10,0.01,0,0.0
835,-123,24,0.01,0,0.0
836,-17,17,0.01,0,0.0
837,-7,7,0.01,0,0.0
838,-112,13,0.01,0,0.0
839,-14,14,0.01,0,0.0
840,-103,4,0.01,0,0.0
841,-100,1,0.01,0,0.0
842,-111,12,0.01,0,0.0
843,-7,7,0.01,0,0.0
844,-127,28,0.01,0,0.0
845,-104,5,0.01,0,0.0
846,-109,10,0.01,0,0.0
847,-9,9,0.01,0,0.0
848,-18,18,0.01,0,0.0
849,-109,10,0.01,0,0.0
850,-104,5,0.01,0,0.0
851,-7,7,0.01,0,0.0
852,-111,12,0.01,0,0.0
853,-127,28,0.01,0,0.0
854,-25,25,0.01,0,0.0
855,-7,7,0.01,0,0.0
856,-18,18,0.01,0,0.0
857,-5,5,0.01,0,0.0
858,-100,1,0.01,0,0.0
859,-124,25,0.01,0,0.0
860,-100,1,0.01,0,0.0
861,-16,16,0.01,0,0.0
862,-100,1,0.01,0,0.0
863,-105,6,0.01,0,0.0
864,-16,16,0.01,0,0.0
865,-100,1,0.01,0,0.0
866,-12,12,0.01,0,0.0
867,-100,1,0.01,0,0.0
868,-100,1,0.01,0,0.0
869,-19,19,0.01,0,0.0
870,-113,14,0.01,0,0.0
871,-112,13,0.01,0,0.0
872,-105,6,0.01,0,0.0
873,-3,3,0.01,0,0.0
874,-9,9,0.01,0,0.0
875,-100,1,0.01,0,0.0
876,-113,14,0.01,0,0.0
877,-16,16,0.01,0,0.0
878,-100,1,0.01,0,0.0
879,-110,11,0.01,0,0.0
880,-3,3,0.01,0,0.0
881,-144,45,0.01,0,0.0
882,-111,12,0.01,0,0.0
883,-1,1,0.01,0,0.0
884,-12,12,0.01,0,0.0
885,-1,1,0.01,0,0.0
886,-109,10,0.01,0,0.0
887,-10,10,0.01,0,0.0
888,-110,11,0.01,0,0.0
889,-110,11,0.01,0,0.0
890,-135,36,0.01,0,0.0
891,-108,9,0.01,0,0.0
892,-8,8,0.01,0,0.0
893,-100,1,0.01,0,0.0
894,-10,10,0.01,0,0.0
895,-100,1,0.01,0,0.0
896,-4,4,0.01,0,0.0
897,-6,6,0.01,0,0.0
898,-5,5,0.01,0,0.0
899,-110,11,0.01,0,0.0
900,-110,11,0.01,0,0.0
901,-108,9,0.01,0,0.0
902,-10,10,0.01,0,0.0
903,-107,8,0.01,0,0.0
904,-1,1,0.01,0,0.0
905,-113,14,0.01,0,0.0
906,-104,5,0.01,0,0.0
907,-106,7,0.01,0,0.0
908,-103,4,0.01,0,0.0
909,-118,19,0.01,0,0.0
910,-109,10,0.01,0,0.0
911,-7,7,0.01,0,0.0
912,-110,11,0.01,0,0.0
913,-13,13,0.01,0,0.0
914,-111,12,0.01,0,0.0
915,-100,1,0.01,0,0.0
916,-112,13,0.01,0,0.0
917,-110,11,0.01,0,0.0
918,-100,1,0.01,0,0.0
919,-103,4,0.01,0,0.0
920,-100,1,0.01,0,0.0
921,-112,13,0.01,0,0.0
922,-118,19,0.01,0,0.0
923,-112,13,0.01,0,0.0
924,-110,11,0.01,0,0.0
925,-145,46,0.01,0,0.0
926,-10,10,0.01,0,0.0
927,-107,8,0.01,0,0.0
928,-116,17,0.01,0,0.0
929,-12,12,0.01,0,0.0
930,-3,3,0.01,0,0.0
931,-112,13,0.01,0,0.0
932,-114,15,0.01,0,0.0
933,-108,9,0.01,0,0.0
934,-100,1,0.01,0,0.0
935,-100,1,0.01,0,0.0
936,-107,8,0.01,0,0.0
937,-110,11,0.01,0,0.0
938,-108,9,0.01,0,0.0
939,-109,10,0.01,0,0.0
940,-14,14,0.01,0,0.0
941,-107,8,0.01,0,0.0
942,-106,7,0.01,0,0.0
943,-103,4,0.01,0,0.0
944,-106,7,0.01,0,0.0
945,-106,7,0.01,0,0.0
946,-113,14,0.01,0,0.0
947,-100,1,0.01,0,0.0
948,-121,22,0.01,0,0.0
949,-110,11,0.01,0,0.0
950,-108,9,0.01,0,0.0
951,-105,6,0.01,0,0.0
952,-100,1,0.01,0,0.0
953,-117,18,0.01,0,0.0
954,-110,11,0.01,0,0.0
955,-105,6,0.01,0,0.0
956,-105,6,0.01,0,0.0
957,-103,4,0.01,0,0.0
958,-114,15,0.01,0,0.0
959,-107,8,0.01,0,0.0
960,-101,2,0.01,0,0.0
961,-111,12,0.01,0,0.0
962,-8,8,0.01,0,0.0
963,-103,4,0.01,0,0.0
964,-125,26,0.01,0,0.0
965,-100,1,0.01,0,0.0
966,-4,4,0.01,0,0.0
967,-106,7,0.01,0,0.0
968,-101,2,0.01,0,0.0
969,-109,10,0.01,0,0.0
970,-26,26,0.01,0,0.0
971,-110,11,0.01,0,0.0
972,-116,17,0.01,0,0.0
973,-104,5,0.01,0,0.0
974,-101,2,0.01,0,0.0
975,-146,47,0.01,0,0.0
976,-103,4,0.01,0,0.0
977,-106,7,0.01,0,0.0
978,-7,7,0.01,0,0.0
979,-122,23,0.01,0,0.0
980,-19,19,0.01,0,0.0
981,-112,13,0.01,0,0.0
982,-16,16,0.01,0,0.0
983,-145,46,0.01,0,0.0
984,-4,4,0.01,0,0.0
985,-105,6,0.01,0,0.0
986,-21,21,0.01,0,0.0
987,-5,5,0.01,0,0.0
988,-1,1,0.01,0,0.0
989,-115,16,0.01,0,0.0
990,-8,8,0.01,0,0.0
991,-107,8,0.01,0,0.0
992,-11,11,0.01,0,0.0
993,-102,3,0.01,0,0.0
994,-132,33,0.01,0,0.0
995,-100,1,0.01,0,0.0
996,-112,13,0.01,0,0.0
997,-108,9,0.01,0,0.0
998,-11,11,0.01,0,0.0
999,-109,10,0.01,0,0.0
1000,-113,14,0.01,0,0.0
